id;vehicle_id;latitude;longitude;theta;speed;battery;doors;last_seen;created_at
278582;EZ10_G2-005;52.4821686358;13.3572200706;-0.6987509131;0;50;f;2018-03-07 09:33:01+01;2018-03-07 08:33:01.728385
278583;EZ10_G2-005;52.4821686396;13.3572200713;-0.6989083886;0;50;f;2018-03-07 09:33:02+01;2018-03-07 08:33:02.247737
278584;EZ10_G2-005;52.4821686405;13.3572200721;-0.6988453269;0;50;f;2018-03-07 09:33:02+01;2018-03-07 08:33:02.730593
278585;EZ10_G2-005;52.482168644;13.3572200747;-0.6987560987;0;50;f;2018-03-07 09:33:03+01;2018-03-07 08:33:03.234649
278586;EZ10_G2-005;52.4821686461;13.3572200748;-0.6987951994;0;50;f;2018-03-07 09:33:03+01;2018-03-07 08:33:03.722769
278587;EZ10_G2-005;52.4821686469;13.3572200767;-0.6988632679;0;50;f;2018-03-07 09:33:04+01;2018-03-07 08:33:04.2118
278588;EZ10_G2-005;52.4821686489;13.3572200714;-0.6988122463;0;50;f;2018-03-07 09:33:04+01;2018-03-07 08:33:04.715613
278589;EZ10_G2-005;52.4821686502;13.3572200692;-0.6988555789;0;50;f;2018-03-07 09:33:05+01;2018-03-07 08:33:05.214762
278590;EZ10_G2-005;52.4821686535;13.3572200718;-0.6988500953;0;50;f;2018-03-07 09:33:05+01;2018-03-07 08:33:05.715887
278591;EZ10_G2-005;52.482168656;13.3572200692;-0.6989694834;0;50;f;2018-03-07 09:33:06+01;2018-03-07 08:33:06.223116
278592;EZ10_G2-005;52.482168659;13.3572200681;-0.6989206672;0;50;f;2018-03-07 09:33:06+01;2018-03-07 08:33:06.715033
278593;EZ10_G2-005;52.4821686587;13.357220065;-0.6988602281;0;50;f;2018-03-07 09:33:07+01;2018-03-07 08:33:07.223316
278594;EZ10_G2-005;52.4821686587;13.357220065;-0.6988602281;0;50;f;2018-03-07 09:33:07+01;2018-03-07 08:33:07.337823
278595;EZ10_G2-005;52.4821686562;13.3572200636;-0.6986997128;0;50;f;2018-03-07 09:33:07+01;2018-03-07 08:33:08.341351
278596;EZ10_G2-005;52.4821686537;13.3572200607;-0.6987444758;0;50;f;2018-03-07 09:33:08+01;2018-03-07 08:33:08.35297
278597;EZ10_G2-005;52.482168649;13.3572200576;-0.6987068653;0;50;f;2018-03-07 09:33:08+01;2018-03-07 08:33:08.715081
278598;EZ10_G2-005;52.4821686436;13.3572200518;-0.6987280846;0;50;f;2018-03-07 09:33:09+01;2018-03-07 08:33:09.235174
278599;EZ10_G2-005;52.4821686402;13.3572200525;-0.6987636089;0;50;f;2018-03-07 09:33:09+01;2018-03-07 08:33:09.774803
278600;EZ10_G2-005;52.482168636;13.3572200466;-0.6988012791;0;50;f;2018-03-07 09:33:10+01;2018-03-07 08:33:10.210852
278601;EZ10_G2-005;52.4821686342;13.3572200502;-0.6986619234;0;50;f;2018-03-07 09:33:10+01;2018-03-07 08:33:10.714963
278602;EZ10_G2-005;52.4821686317;13.357220051;-0.6986525059;0;50;f;2018-03-07 09:33:11+01;2018-03-07 08:33:11.234657
278603;EZ10_G2-005;52.4821686277;13.357220054;-0.698764503;0;50;f;2018-03-07 09:33:11+01;2018-03-07 08:33:11.714911
278604;EZ10_G2-005;52.4821686257;13.3572200551;-0.6987274885;0;50;f;2018-03-07 09:33:12+01;2018-03-07 08:33:12.24062
278605;EZ10_G2-005;52.4821686229;13.3572200555;-0.6987271309;0;50;f;2018-03-07 09:33:12+01;2018-03-07 08:33:12.74024
278606;EZ10_G2-005;52.4821686198;13.3572200548;-0.6986982822;0;50;f;2018-03-07 09:33:13+01;2018-03-07 08:33:13.235219
278607;EZ10_G2-005;52.4821686187;13.3572200542;-0.6986532211;0;50;f;2018-03-07 09:33:13+01;2018-03-07 08:33:13.714941
278608;EZ10_G2-005;52.4821686651;13.3572199745;-0.6985999346;-0.1379999965;50;f;2018-03-07 09:33:14+01;2018-03-07 08:33:14.341335
278609;EZ10_G2-005;52.4821688333;13.3572196471;-0.6984927058;-0.0269692894;50;f;2018-03-07 09:33:14+01;2018-03-07 08:33:14.722867
278610;EZ10_G2-005;52.4821690177;13.3572192915;-0.6972661018;-0.1108562425;50;f;2018-03-07 09:33:15+01;2018-03-07 08:33:15.235068
278611;EZ10_G2-005;52.4821695075;13.3572183431;-0.6946128011;-0.2496762127;50;f;2018-03-07 09:33:15+01;2018-03-07 08:33:15.715382
278612;EZ10_G2-005;52.4821702841;13.3572168362;-0.688203454;-0.2766849399;50;f;2018-03-07 09:33:16+01;2018-03-07 08:33:16.275811
278613;EZ10_G2-005;52.4821712333;13.3572149359;-0.6811594963;-0.3607198298;50;f;2018-03-07 09:33:16+01;2018-03-07 08:33:16.715838
278614;EZ10_G2-005;52.4821722884;13.3572128171;-0.6760374308;-0.3877691031;50;f;2018-03-07 09:33:17+01;2018-03-07 08:33:17.220546
278615;EZ10_G2-005;52.4821734281;13.3572104995;-0.6688756943;-0.3878300488;50;f;2018-03-07 09:33:17+01;2018-03-07 08:33:17.723668
278616;EZ10_G2-005;52.4821745907;13.3572081324;-0.6650287509;-0.415856123;50;f;2018-03-07 09:33:18+01;2018-03-07 08:33:18.215757
278617;EZ10_G2-005;52.4821758162;13.3572055836;-0.6592722535;-0.4158899784;50;f;2018-03-07 09:33:18+01;2018-03-07 08:33:18.715567
278618;EZ10_G2-005;52.4821770733;13.3572029471;-0.6566707492;-0.4159056246;50;f;2018-03-07 09:33:19+01;2018-03-07 08:33:19.215373
278619;EZ10_G2-005;52.4821783188;13.357200341;-0.6520010233;-0.4159440696;50;f;2018-03-07 09:33:19+01;2018-03-07 08:33:19.71609
278620;EZ10_G2-005;52.4821795445;13.357197755;-0.647500217;-0.4439618886;50;f;2018-03-07 09:33:20+01;2018-03-07 08:33:20.215205
278621;EZ10_G2-005;52.4821808116;13.3571950102;-0.6448022127;-0.4439706504;50;f;2018-03-07 09:33:20+01;2018-03-07 08:33:20.715752
278622;EZ10_G2-005;52.4821820851;13.3571922583;-0.641539216;-0.4439850748;50;f;2018-03-07 09:33:21+01;2018-03-07 08:33:21.215521
278623;EZ10_G2-005;52.482183304;13.357189594;-0.6392090321;-0.4159912169;50;f;2018-03-07 09:33:21+01;2018-03-07 08:33:21.71663
278624;EZ10_G2-005;52.4821844168;13.3571871362;-0.6380040646;-0.4159978628;50;f;2018-03-07 09:33:22+01;2018-03-07 08:33:22.223768
278625;EZ10_G2-005;52.4821856117;13.3571844434;-0.636700809;-0.4439994395;50;f;2018-03-07 09:33:22+01;2018-03-07 08:33:22.755732
278626;EZ10_G2-005;52.4821870462;13.3571812291;-0.6362779737;-0.6109992266;50;f;2018-03-07 09:33:23+01;2018-03-07 08:33:23.222842
278627;EZ10_G2-005;52.4821888382;13.357177184;-0.6350819468;-0.6939962506;50;f;2018-03-07 09:33:23+01;2018-03-07 08:33:23.722537
278628;EZ10_G2-005;52.4821907991;13.3571727685;-0.6362200379;-0.7219497561;50;f;2018-03-07 09:33:24+01;2018-03-07 08:33:24.275039
278629;EZ10_G2-005;52.4821928506;13.3571681177;-0.6379042864;-0.7769102454;50;f;2018-03-07 09:33:24+01;2018-03-07 08:33:24.740255
278630;EZ10_G2-005;52.4821950897;13.3571631513;-0.6410832405;-0.8877851367;50;f;2018-03-07 09:33:25+01;2018-03-07 08:33:25.236781
278631;EZ10_G2-005;52.4821975349;13.3571578038;-0.6476478577;-0.9157783389;50;f;2018-03-07 09:33:25+01;2018-03-07 08:33:25.740481
278632;EZ10_G2-005;52.4822001052;13.3571522384;-0.6541873813;-0.9437715411;50;f;2018-03-07 09:33:26+01;2018-03-07 08:33:26.240136
278633;EZ10_G2-005;52.4822027588;13.3571465374;-0.6608251333;-0.9717648029;50;f;2018-03-07 09:33:26+01;2018-03-07 08:33:26.717028
278634;EZ10_G2-005;52.4822055688;13.357140627;-0.6684722304;-0.9998270273;50;f;2018-03-07 09:33:27+01;2018-03-07 08:33:27.223312
278635;EZ10_G2-005;52.4822083745;13.3571348028;-0.675396204;-1.026853323;50;f;2018-03-07 09:33:27+01;2018-03-07 08:33:27.715182
278636;EZ10_G2-005;52.4822113485;13.3571287653;-0.6821617484;-0.9999088645;50;f;2018-03-07 09:33:28+01;2018-03-07 08:33:28.215543
278637;EZ10_G2-005;52.482214228;13.3571229697;-0.6867334247;-0.9719657302;50;f;2018-03-07 09:33:28+01;2018-03-07 08:33:28.723542
278638;EZ10_G2-005;52.4822170852;13.3571172827;-0.688677609;-0.9719657302;50;f;2018-03-07 09:33:29+01;2018-03-07 08:33:29.235352
278639;EZ10_G2-005;52.4822199609;13.35711159;-0.6934587359;-0.9715968966;50;f;2018-03-07 09:33:29+01;2018-03-07 08:33:29.714878
278640;EZ10_G2-005;52.4822228547;13.3571059355;-0.7096751332;-0.970083952;50;f;2018-03-07 09:33:30+01;2018-03-07 08:33:30.223791
278641;EZ10_G2-005;52.4822258011;13.3571004015;-0.7400092483;-0.995318532;50;f;2018-03-07 09:33:30+01;2018-03-07 08:33:30.715042
278642;EZ10_G2-005;52.482228883;13.3570950067;-0.7818117738;-0.9918956161;50;f;2018-03-07 09:33:31+01;2018-03-07 08:33:31.223542
278643;EZ10_G2-005;52.4822320678;13.357089967;-0.8370457292;-0.9606750011;50;f;2018-03-07 09:33:31+01;2018-03-07 08:33:31.715654
278644;EZ10_G2-005;52.4822353343;13.3570853559;-0.8985874057;-0.9287484288;50;f;2018-03-07 09:33:32+01;2018-03-07 08:33:32.223553
278645;EZ10_G2-005;52.4822387187;13.3570811475;-0.9687187672;-0.9531997442;50;f;2018-03-07 09:33:32+01;2018-03-07 08:33:32.763609
278646;EZ10_G2-005;52.4822422953;13.3570773748;-1.0473283529;-1.0032011271;50;f;2018-03-07 09:33:33+01;2018-03-07 08:33:33.235276
278647;EZ10_G2-005;52.4822463005;13.3570738442;-1.1379265785;-0.9989155531;50;f;2018-03-07 09:33:33+01;2018-03-07 08:33:33.722458
278648;EZ10_G2-005;52.4822505147;13.3570709369;-1.2338824272;-1.025731802;50;f;2018-03-07 09:33:34+01;2018-03-07 08:33:34.275594
278649;EZ10_G2-005;52.4822549253;13.3570687293;-1.3318954706;-0.971858561;50;f;2018-03-07 09:33:34+01;2018-03-07 08:33:34.715076
278650;EZ10_G2-005;52.4822592335;13.3570673507;-1.4232027531;-0.9465585947;50;f;2018-03-07 09:33:35+01;2018-03-07 08:33:35.235348
278651;EZ10_G2-005;52.482263655;13.3570665768;-1.5151321888;-1.0024479628;50;f;2018-03-07 09:33:35+01;2018-03-07 08:33:35.71558
278652;EZ10_G2-005;52.4822682346;13.3570664111;-1.6016175747;-1.0324343443;50;f;2018-03-07 09:33:36+01;2018-03-07 08:33:36.362504
278653;EZ10_G2-005;52.4822729139;13.3570668745;-1.6853365898;-1.0352904797;50;f;2018-03-07 09:33:36+01;2018-03-07 08:33:36.715295
278654;EZ10_G2-005;52.4822775362;13.357067936;-1.7619956732;-1.0100934505;50;f;2018-03-07 09:33:37+01;2018-03-07 08:33:37.223459
278655;EZ10_G2-005;52.4822819478;13.3570695129;-1.8314071894;-0.9853298664;50;f;2018-03-07 09:33:37+01;2018-03-07 08:33:37.715075
278656;EZ10_G2-005;52.4822860675;13.3570714452;-1.8947966099;-0.9872909188;50;f;2018-03-07 09:33:38+01;2018-03-07 08:33:38.340441
278657;EZ10_G2-005;52.4822902756;13.3570739084;-1.9543330669;-0.9891121984;50;f;2018-03-07 09:33:38+01;2018-03-07 08:33:38.714906
278658;EZ10_G2-005;52.4822944066;13.3570767896;-2.011408329;-0.9910220504;50;f;2018-03-07 09:33:39+01;2018-03-07 08:33:39.234886
278659;EZ10_G2-005;52.4822983772;13.3570800013;-2.0605170727;-0.9649400115;50;f;2018-03-07 09:33:39+01;2018-03-07 08:33:39.774731
278660;EZ10_G2-005;52.482302181;13.3570834715;-2.1047184467;-0.9664410949;50;f;2018-03-07 09:33:40+01;2018-03-07 08:33:40.215631
278661;EZ10_G2-005;52.4823058305;13.3570871042;-2.1411378384;-0.9400337934;50;f;2018-03-07 09:33:40+01;2018-03-07 08:33:40.715079
278662;EZ10_G2-005;52.4823093643;13.3570909211;-2.1734960079;-0.9412462711;50;f;2018-03-07 09:33:41+01;2018-03-07 08:33:41.235057
278663;EZ10_G2-005;52.4823128521;13.3570949077;-2.1976687908;-0.9425202012;50;f;2018-03-07 09:33:41+01;2018-03-07 08:33:41.742756
278664;EZ10_G2-005;52.4823162854;13.3570990361;-2.2161440849;-0.9432182312;50;f;2018-03-07 09:33:42+01;2018-03-07 08:33:42.284323
278665;EZ10_G2-005;52.4823196696;13.3571032314;-2.2282824516;-0.943836689;50;f;2018-03-07 09:33:42+01;2018-03-07 08:33:42.723893
278666;EZ10_G2-005;52.4823228985;13.3571073367;-2.2317125797;-0.9439988136;50;f;2018-03-07 09:33:43+01;2018-03-07 08:33:43.235051
278667;EZ10_G2-005;52.4823261975;13.3571115497;-2.2317070961;-0.9159889817;50;f;2018-03-07 09:33:43+01;2018-03-07 08:33:43.723241
278668;EZ10_G2-005;52.4823295645;13.3571158386;-2.2294509411;-0.9439886808;50;f;2018-03-07 09:33:44+01;2018-03-07 08:33:44.214636
278669;EZ10_G2-005;52.4823329583;13.3571201484;-2.2278020382;-0.9719883204;50;f;2018-03-07 09:33:44+01;2018-03-07 08:33:44.714899
278670;EZ10_G2-005;52.4823364466;13.3571245444;-2.2260258198;-0.9439951777;50;f;2018-03-07 09:33:45+01;2018-03-07 08:33:45.235106
278671;EZ10_G2-005;52.4823399501;13.3571289365;-2.2237567902;-0.9999987483;50;f;2018-03-07 09:33:45+01;2018-03-07 08:33:45.751005
278672;EZ10_G2-005;52.4823436753;13.3571336004;-2.2221846581;-1.0829999447;50;f;2018-03-07 09:33:46+01;2018-03-07 08:33:46.274946
278673;EZ10_G2-005;52.4823478849;13.3571388493;-2.2213993073;-1.25;50;f;2018-03-07 09:33:46+01;2018-03-07 08:33:46.734957
278674;EZ10_G2-005;52.4823526484;13.3571447879;-2.2216136456;-1.3880000114;50;f;2018-03-07 09:33:47+01;2018-03-07 08:33:47.25083
278675;EZ10_G2-005;52.482358005;13.3571514491;-2.2203550339;-1.5549999475;50;f;2018-03-07 09:33:47+01;2018-03-07 08:33:47.751247
278676;EZ10_G2-005;52.4823636917;13.3571585045;-2.2202341557;-1.69399786;50;f;2018-03-07 09:33:48+01;2018-03-07 08:33:48.315075
278677;EZ10_G2-005;52.4823699851;13.3571662734;-2.2189064026;-1.7769976854;50;f;2018-03-07 09:33:48+01;2018-03-07 08:33:48.714847
278678;EZ10_G2-005;52.4823765902;13.3571744143;-2.2188689709;-1.8879976273;50;f;2018-03-07 09:33:49+01;2018-03-07 08:33:49.234879
278679;EZ10_G2-005;52.4823834246;13.357182878;-2.2203316689;-1.9159895182;50;f;2018-03-07 09:33:49+01;2018-03-07 08:33:49.715191
278680;EZ10_G2-005;52.4823903628;13.3571914778;-2.2213499546;-1.9159975052;50;f;2018-03-07 09:33:50+01;2018-03-07 08:33:52.801213
278681;EZ10_G2-005;52.4823972528;13.3572000498;-2.2228066921;-1.9160000086;50;f;2018-03-07 09:33:50+01;2018-03-07 08:33:52.812424
278682;EZ10_G2-005;52.482404113;13.3572086202;-2.222312212;-1.9440000057;50;f;2018-03-07 09:33:51+01;2018-03-07 08:33:52.840336
278683;EZ10_G2-005;52.4824110333;13.3572172863;-2.2225489616;-1.9159975052;50;f;2018-03-07 09:33:51+01;2018-03-07 08:33:52.850539
278684;EZ10_G2-005;52.4824179312;13.357225901;-2.2209362984;-1.9159975052;50;f;2018-03-07 09:33:52+01;2018-03-07 08:33:52.860436
278685;EZ10_G2-005;52.4824248967;13.3572345717;-2.2199306488;-1.9439975023;50;f;2018-03-07 09:33:52+01;2018-03-07 08:33:52.870025
278686;EZ10_G2-005;52.4824318804;13.3572432796;-2.2202444077;-1.9439975023;50;f;2018-03-07 09:33:53+01;2018-03-07 08:33:53.255216
278687;EZ10_G2-005;52.4824387873;13.357251924;-2.2221343517;-1.9160000086;50;f;2018-03-07 09:33:53+01;2018-03-07 08:33:53.723359
278688;EZ10_G2-005;52.4824454436;13.3572602456;-2.2222707272;-1.9439975023;50;f;2018-03-07 09:33:54+01;2018-03-07 08:33:54.340647
278689;EZ10_G2-005;52.4824524023;13.3572689335;-2.2237083912;-1.9159895182;50;f;2018-03-07 09:33:54+01;2018-03-07 08:33:54.722754
278690;EZ10_G2-005;52.4824592843;13.3572775776;-2.2273447514;-1.8879575729;50;f;2018-03-07 09:33:55+01;2018-03-07 08:33:55.239954
278691;EZ10_G2-005;52.4824659741;13.3572860637;-2.2319417;-1.8329770565;50;f;2018-03-07 09:33:55+01;2018-03-07 08:33:55.715063
278692;EZ10_G2-005;52.4824721569;13.3572939843;-2.2365949154;-1.6658076048;50;f;2018-03-07 09:33:56+01;2018-03-07 08:33:56.339778
278693;EZ10_G2-005;52.4824779912;13.3573015705;-2.255769968;-1.6361525059;50;f;2018-03-07 09:33:56+01;2018-03-07 08:33:56.742202
278694;EZ10_G2-005;52.4824833443;13.3573089256;-2.2875480652;-1.4687757492;50;f;2018-03-07 09:33:57+01;2018-03-07 08:33:57.218505
278695;EZ10_G2-005;52.4824881491;13.3573160248;-2.3308787346;-1.4381557703;50;f;2018-03-07 09:33:57+01;2018-03-07 08:33:57.743539
278696;EZ10_G2-005;52.4824927271;13.3573234739;-2.3848907948;-1.4360017776;50;f;2018-03-07 09:33:58+01;2018-03-07 08:33:58.21555
278697;EZ10_G2-005;52.4824970348;13.3573313292;-2.4488694668;-1.4338049889;50;f;2018-03-07 09:33:58+01;2018-03-07 08:33:58.714892
278698;EZ10_G2-005;52.4825008909;13.3573393168;-2.5173671246;-1.4307055473;50;f;2018-03-07 09:33:59+01;2018-03-07 08:33:59.215675
278699;EZ10_G2-005;52.4825045076;13.3573480577;-2.5950813293;-1.4563392401;50;f;2018-03-07 09:33:59+01;2018-03-07 08:33:59.714815
278700;EZ10_G2-005;52.4825076915;13.3573573384;-2.681306839;-1.4264200926;50;f;2018-03-07 09:34:00+01;2018-03-07 08:34:00.215539
278701;EZ10_G2-005;52.4825103623;13.3573668882;-2.7694783211;-1.424459219;50;f;2018-03-07 09:34:00+01;2018-03-07 08:34:00.715325
278702;EZ10_G2-005;52.482512465;13.3573767318;-2.8630645275;-1.4236459732;50;f;2018-03-07 09:34:01+01;2018-03-07 08:34:01.215829
278703;EZ10_G2-005;52.4825139756;13.35738681;-2.9572823048;-1.4232332706;50;f;2018-03-07 09:34:01+01;2018-03-07 08:34:01.715692
278704;EZ10_G2-005;52.4825148601;13.3573968516;-3.0523388386;-1.3680385351;50;f;2018-03-07 09:34:02+01;2018-03-07 08:34:02.240506
278705;EZ10_G2-005;52.4825151377;13.3574064251;3.1409955025;-1.2877020836;50;f;2018-03-07 09:34:02+01;2018-03-07 08:34:02.714371
278706;EZ10_G2-005;52.4825149163;13.3574156544;3.0599017143;-1.2607705593;50;f;2018-03-07 09:34:03+01;2018-03-07 08:34:03.21551
278707;EZ10_G2-005;52.4825141936;13.3574251255;2.9762756824;-1.3444305658;50;f;2018-03-07 09:34:03+01;2018-03-07 08:34:03.723119
278708;EZ10_G2-005;52.4825129499;13.3574347019;2.8930635452;-1.4286371469;50;f;2018-03-07 09:34:04+01;2018-03-07 08:34:04.25661
278709;EZ10_G2-005;52.4825110863;13.3574448594;2.8092355728;-1.4303711653;50;f;2018-03-07 09:34:04+01;2018-03-07 08:34:04.715048
278710;EZ10_G2-005;52.4825086941;13.3574548996;2.7317547798;-1.460386157;50;f;2018-03-07 09:34:05+01;2018-03-07 08:34:05.235217
278711;EZ10_G2-005;52.4825058093;13.3574647121;2.6608092785;-1.4627608061;50;f;2018-03-07 09:34:05+01;2018-03-07 08:34:05.722945
278712;EZ10_G2-005;52.482502436;13.3574744586;2.5952582359;-1.4929778576;50;f;2018-03-07 09:34:06+01;2018-03-07 08:34:06.215532
278713;EZ10_G2-005;52.4824987598;13.357483753;2.5410153866;-1.4397877455;50;f;2018-03-07 09:34:06+01;2018-03-07 08:34:06.762895
278714;EZ10_G2-005;52.4824951122;13.3574921518;2.5022623539;-1.274998188;50;f;2018-03-07 09:34:07+01;2018-03-07 08:34:07.212632
278715;EZ10_G2-005;52.482491573;13.3574998372;2.4770894051;-1.2209880352;50;f;2018-03-07 09:34:07+01;2018-03-07 08:34:07.723635
278716;EZ10_G2-005;52.4824884302;13.3575064109;2.4627583027;-0.9716864824;50;f;2018-03-07 09:34:08+01;2018-03-07 08:34:08.255868
278717;EZ10_G2-005;52.482486042;13.3575113065;2.4574735165;-0.665923059;50;f;2018-03-07 09:34:08+01;2018-03-07 08:34:08.754845
278718;EZ10_G2-005;52.4824846088;13.3575141869;2.4540803432;-0.3329768181;50;f;2018-03-07 09:34:09+01;2018-03-07 08:34:09.214884
278719;EZ10_G2-005;52.4824840281;13.3575153528;2.4535841942;-0.1109922752;50;f;2018-03-07 09:34:09+01;2018-03-07 08:34:09.774419
278720;EZ10_G2-005;52.4824838747;13.3575156581;2.4536979198;0;50;f;2018-03-07 09:34:10+01;2018-03-07 08:34:10.216031
278721;EZ10_G2-005;52.4824838592;13.3575157078;2.4536151886;0;50;f;2018-03-07 09:34:10+01;2018-03-07 08:34:10.755104
278722;EZ10_G2-005;52.4824838496;13.3575157366;2.4534242153;0;50;f;2018-03-07 09:34:11+01;2018-03-07 08:34:11.215231
278723;EZ10_G2-005;52.4824838409;13.3575157661;2.4532721043;0;50;f;2018-03-07 09:34:11+01;2018-03-07 08:34:11.775829
278724;EZ10_G2-005;52.4824838346;13.3575157893;2.4532608986;0;50;f;2018-03-07 09:34:12+01;2018-03-07 08:34:12.214079
278725;EZ10_G2-005;52.4824838264;13.3575158108;2.4529259205;0;50;f;2018-03-07 09:34:12+01;2018-03-07 08:34:12.771098
278726;EZ10_G2-005;52.4824838237;13.3575158293;2.4535522461;0;50;f;2018-03-07 09:34:13+01;2018-03-07 08:34:13.235504
278727;EZ10_G2-005;52.4824838174;13.3575158433;2.4532399178;0;50;f;2018-03-07 09:34:13+01;2018-03-07 08:34:13.715777
278728;EZ10_G2-005;52.4824838159;13.357515856;2.4532966614;0;50;f;2018-03-07 09:34:14+01;2018-03-07 08:34:14.254877
278729;EZ10_G2-005;52.482483814;13.3575158688;2.4531245232;0;50;f;2018-03-07 09:34:14+01;2018-03-07 08:34:14.755147
278730;EZ10_G2-005;52.4824838089;13.3575158827;2.4529569149;0;50;f;2018-03-07 09:34:15+01;2018-03-07 08:34:15.235535
278731;EZ10_G2-005;52.4824838035;13.3575158915;2.4529311657;0;50;f;2018-03-07 09:34:15+01;2018-03-07 08:34:15.77524
278732;EZ10_G2-005;52.4824838102;13.357515893;2.4535648823;0;50;f;2018-03-07 09:34:16+01;2018-03-07 08:34:16.255109
278733;EZ10_G2-005;52.4824838263;13.3575158746;2.4537661076;0;50;f;2018-03-07 09:34:16+01;2018-03-07 08:34:16.71548
278734;EZ10_G2-005;52.4824838384;13.3575158587;2.4538798332;0;50;f;2018-03-07 09:34:17+01;2018-03-07 08:34:17.21498
278735;EZ10_G2-005;52.4824838502;13.3575158405;2.4537875652;0;50;f;2018-03-07 09:34:17+01;2018-03-07 08:34:17.723327
278736;EZ10_G2-005;52.4824838613;13.3575158259;2.4538297653;0;50;f;2018-03-07 09:34:18+01;2018-03-07 08:34:18.254933
278737;EZ10_G2-005;52.4824838722;13.3575158123;2.4538948536;0;50;f;2018-03-07 09:34:18+01;2018-03-07 08:34:18.734833
278738;EZ10_G2-005;52.4824838805;13.3575158016;2.4538867474;0;50;t;2018-03-07 09:34:19+01;2018-03-07 08:34:19.234891
278739;EZ10_G2-005;52.4824838875;13.3575157882;2.4538397789;0;50;t;2018-03-07 09:34:19+01;2018-03-07 08:34:19.715295
278740;EZ10_G2-005;52.4824838933;13.357515781;2.4538953304;0;50;t;2018-03-07 09:34:20+01;2018-03-07 08:34:20.213532
278741;EZ10_G2-005;52.4824838994;13.3575157703;2.453807354;0;50;t;2018-03-07 09:34:20+01;2018-03-07 08:34:20.715131
278742;EZ10_G2-005;52.482483905;13.3575157627;2.4538743496;0;50;f;2018-03-07 09:34:21+01;2018-03-07 08:34:21.234954
278743;EZ10_G2-005;52.4824839085;13.3575157571;2.4537906647;0;50;f;2018-03-07 09:34:21+01;2018-03-07 08:34:21.715219
278744;EZ10_G2-005;52.4824839141;13.3575157508;2.4537565708;0;50;f;2018-03-07 09:34:22+01;2018-03-07 08:34:22.217275
278745;EZ10_G2-005;52.4824839263;13.3575157419;2.4539954662;0;50;f;2018-03-07 09:34:22+01;2018-03-07 08:34:22.723169
278746;EZ10_G2-005;52.4824839372;13.3575157335;2.4540479183;0;50;f;2018-03-07 09:34:23+01;2018-03-07 08:34:23.215095
278747;EZ10_G2-005;52.4824839451;13.3575157239;2.4537501335;0;50;f;2018-03-07 09:34:23+01;2018-03-07 08:34:23.714693
278748;EZ10_G2-005;52.4824839493;13.3575157213;2.4537820816;0;50;f;2018-03-07 09:34:24+01;2018-03-07 08:34:24.21538
278749;EZ10_G2-005;52.4824839525;13.3575157231;2.4539334774;0;50;f;2018-03-07 09:34:24+01;2018-03-07 08:34:24.714004
278750;EZ10_G2-005;52.4824839551;13.3575157263;2.4537296295;0;50;f;2018-03-07 09:34:25+01;2018-03-07 08:34:25.240614
278751;EZ10_G2-005;52.4824839539;13.3575157324;2.4536614418;0;50;f;2018-03-07 09:34:25+01;2018-03-07 08:34:25.775472
278752;EZ10_G2-005;52.4824839524;13.3575157372;2.4536411762;0;50;f;2018-03-07 09:34:26+01;2018-03-07 08:34:26.254916
278753;EZ10_G2-005;52.4824838239;13.3575159976;2.4537265301;0;50;f;2018-03-07 09:34:26+01;2018-03-07 08:34:26.717344
278754;EZ10_G2-005;52.4824837;13.3575162514;2.4533977509;-0.0829904154;50;f;2018-03-07 09:34:27+01;2018-03-07 08:34:27.222863
278755;EZ10_G2-005;52.482483266;13.3575171299;2.4525439739;-0.2219616026;50;f;2018-03-07 09:34:27+01;2018-03-07 08:34:27.715527
278756;EZ10_G2-005;52.4824822943;13.3575190782;2.450417757;-0.4158658087;50;f;2018-03-07 09:34:28+01;2018-03-07 08:34:28.255786
278757;EZ10_G2-005;52.4824808092;13.3575220352;2.4460530281;-0.5826650262;50;f;2018-03-07 09:34:28+01;2018-03-07 08:34:28.755642
278758;EZ10_G2-005;52.4824788727;13.3575258107;2.436299324;-0.7212429047;50;f;2018-03-07 09:34:29+01;2018-03-07 08:34:29.235571
278759;EZ10_G2-005;52.4824764889;13.3575303208;2.4171426296;-0.8589154482;50;f;2018-03-07 09:34:29+01;2018-03-07 08:34:29.724289
278760;EZ10_G2-005;52.4824735882;13.3575355701;2.3878512383;-1.0512000322;50;f;2018-03-07 09:34:30+01;2018-03-07 08:34:30.215054
278761;EZ10_G2-005;52.4824701922;13.3575413064;2.3440747261;-1.1862769127;50;f;2018-03-07 09:34:30+01;2018-03-07 08:34:30.722976
278762;EZ10_G2-005;52.4824662246;13.3575473695;2.2858724594;-1.2110289335;50;f;2018-03-07 09:34:31+01;2018-03-07 08:34:31.234912
278763;EZ10_G2-005;52.4824619254;13.3575531439;2.2144691944;-1.2061376572;50;f;2018-03-07 09:34:31+01;2018-03-07 08:34:31.724079
278764;EZ10_G2-005;52.4824573958;13.3575583244;2.1318163872;-1.229804635;50;f;2018-03-07 09:34:32+01;2018-03-07 08:34:32.217906
278765;EZ10_G2-005;52.4824525352;13.357562937;2.0392189026;-1.2258226871;50;f;2018-03-07 09:34:32+01;2018-03-07 08:34:32.762641
278766;EZ10_G2-005;52.4824475306;13.3575667025;1.9420938492;-1.2241307497;50;f;2018-03-07 09:34:33+01;2018-03-07 08:34:33.234918
278767;EZ10_G2-005;52.4824423127;13.3575696088;1.8422777653;-1.2232635021;50;f;2018-03-07 09:34:33+01;2018-03-07 08:34:33.783371
278768;EZ10_G2-005;52.48243691;13.3575715991;1.7406418324;-1.2249838114;50;f;2018-03-07 09:34:34+01;2018-03-07 08:34:34.274819
278769;EZ10_G2-005;52.4824313237;13.3575727206;1.6415013075;-1.2282544374;50;f;2018-03-07 09:34:34+01;2018-03-07 08:34:34.763061
278770;EZ10_G2-005;52.4824258779;13.357573014;1.5545396805;-1.202627182;50;f;2018-03-07 09:34:35+01;2018-03-07 08:34:35.235651
278771;EZ10_G2-005;52.4824205158;13.357572554;1.4734085798;-1.177169919;50;f;2018-03-07 09:34:35+01;2018-03-07 08:34:35.78337
278772;EZ10_G2-005;52.4824154814;13.357571451;1.4004654884;-1.1791462898;50;f;2018-03-07 09:34:36+01;2018-03-07 08:34:36.216545
278773;EZ10_G2-005;52.4824103497;13.3575697098;1.330124259;-1.1812969446;50;f;2018-03-07 09:34:36+01;2018-03-07 08:34:36.740641
278774;EZ10_G2-005;52.4824052497;13.3575673611;1.2629729509;-1.1832803488;50;f;2018-03-07 09:34:37+01;2018-03-07 08:34:37.224051
278775;EZ10_G2-005;52.4824002363;13.357564482;1.2029606104;-1.1850816011;50;f;2018-03-07 09:34:37+01;2018-03-07 08:34:37.714747
278776;EZ10_G2-005;52.4823954503;13.3575611965;1.1483778954;-1.1589015722;50;f;2018-03-07 09:34:38+01;2018-03-07 08:34:38.215054
278777;EZ10_G2-005;52.4823907624;13.3575574934;1.0998123884;-1.160348177;50;f;2018-03-07 09:34:38+01;2018-03-07 08:34:38.723303
278778;EZ10_G2-005;52.4823861528;13.3575533955;1.0569934845;-1.1896994114;50;f;2018-03-07 09:34:39+01;2018-03-07 08:34:39.235082
278779;EZ10_G2-005;52.4823815514;13.3575489101;1.0188227892;-1.1908199787;50;f;2018-03-07 09:34:39+01;2018-03-07 08:34:39.715059
278780;EZ10_G2-005;52.4823770125;13.3575441161;0.9881225228;-1.2198448181;50;f;2018-03-07 09:34:40+01;2018-03-07 08:34:40.303111
278781;EZ10_G2-005;52.4823724983;13.3575390581;0.9631242752;-1.1929268837;50;f;2018-03-07 09:34:40+01;2018-03-07 08:34:40.72375
278782;EZ10_G2-005;52.4823682193;13.3575340308;0.9475492239;-1.2214932442;50;f;2018-03-07 09:34:41+01;2018-03-07 08:34:41.340927
278783;EZ10_G2-005;52.482363743;13.3575286037;0.9378284216;-1.2219568491;50;f;2018-03-07 09:34:41+01;2018-03-07 08:34:41.714317
278784;EZ10_G2-005;52.4823591832;13.357523038;0.9372205138;-1.2499935627;50;f;2018-03-07 09:34:42+01;2018-03-07 08:34:42.218385
278785;EZ10_G2-005;52.4823544196;13.3575172346;0.9392278194;-1.3609982729;50;f;2018-03-07 09:34:42+01;2018-03-07 08:34:42.723928
278786;EZ10_G2-005;52.4823492321;13.3575109113;0.9380583167;-1.4719920158;50;f;2018-03-07 09:34:43+01;2018-03-07 08:34:43.240465
278787;EZ10_G2-005;52.4823436792;13.3575040877;0.935752213;-1.5269808769;50;f;2018-03-07 09:34:43+01;2018-03-07 08:34:43.715668
278788;EZ10_G2-005;52.4823380737;13.3574971933;0.9332255721;-1.526991725;50;f;2018-03-07 09:34:44+01;2018-03-07 08:34:44.215609
278789;EZ10_G2-005;52.482332443;13.3574902491;0.932143271;-1.5549980402;50;f;2018-03-07 09:34:44+01;2018-03-07 08:34:44.715416
278790;EZ10_G2-005;52.4823267825;13.3574832621;0.9307661057;-1.5549980402;50;f;2018-03-07 09:34:45+01;2018-03-07 08:34:45.235647
278791;EZ10_G2-005;52.4823211872;13.3574763136;0.9290546775;-1.5269980431;50;f;2018-03-07 09:34:45+01;2018-03-07 08:34:45.790838
278792;EZ10_G2-005;52.482315882;13.3574697201;0.9284350276;-1.5269999504;50;f;2018-03-07 09:34:46+01;2018-03-07 08:34:46.25596
278793;EZ10_G2-005;52.4823103306;13.3574628262;0.9291296601;-1.5269999504;50;f;2018-03-07 09:34:46+01;2018-03-07 08:34:46.740661
278794;EZ10_G2-005;52.4823048092;13.3574559711;0.9290032387;-1.5269999504;50;f;2018-03-07 09:34:47+01;2018-03-07 08:34:47.214237
278795;EZ10_G2-005;52.482299355;13.3574491779;0.9280403256;-1.5269999504;50;f;2018-03-07 09:34:47+01;2018-03-07 08:34:47.724187
278796;EZ10_G2-005;52.4822939088;13.3574424079;0.9281443357;-1.5;50;f;2018-03-07 09:34:48+01;2018-03-07 08:34:48.25485
278797;EZ10_G2-005;52.4822884941;13.3574356708;0.9278371334;-1.4999980927;50;f;2018-03-07 09:34:48+01;2018-03-07 08:34:48.715594
278798;EZ10_G2-005;52.4822830612;13.357428919;0.9280353189;-1.5;50;f;2018-03-07 09:34:49+01;2018-03-07 08:34:49.234986
278799;EZ10_G2-005;52.4822776411;13.3574221522;0.927048564;-1.5;50;f;2018-03-07 09:34:49+01;2018-03-07 08:34:49.724231
278800;EZ10_G2-005;52.4822721973;13.3574153956;0.9270353317;-1.5;50;f;2018-03-07 09:34:50+01;2018-03-07 08:34:50.215031
278801;EZ10_G2-005;52.4822667731;13.3574086651;0.9268051386;-1.5;50;f;2018-03-07 09:34:50+01;2018-03-07 08:34:50.755671
278802;EZ10_G2-005;52.4822613358;13.3574019068;0.9273296595;-1.5;50;f;2018-03-07 09:34:51+01;2018-03-07 08:34:51.215541
278803;EZ10_G2-005;52.4822561322;13.3573954487;0.9267780185;-1.5;50;f;2018-03-07 09:34:51+01;2018-03-07 08:34:51.715233
278804;EZ10_G2-005;52.4822507151;13.3573887208;0.9267401695;-1.4999980927;50;f;2018-03-07 09:34:52+01;2018-03-07 08:34:52.223981
278805;EZ10_G2-005;52.482245298;13.3573819745;0.9264022708;-1.5;50;f;2018-03-07 09:34:52+01;2018-03-07 08:34:52.714812
278806;EZ10_G2-005;52.4822399509;13.3573753143;0.9261988997;-1.4720000029;50;f;2018-03-07 09:34:53+01;2018-03-07 08:34:53.235485
278807;EZ10_G2-005;52.4822345925;13.357368643;0.9261013865;-1.5;50;f;2018-03-07 09:34:53+01;2018-03-07 08:34:53.775181
278808;EZ10_G2-005;52.4822291919;13.3573619279;0.9258143902;-1.5;50;f;2018-03-07 09:34:54+01;2018-03-07 08:34:54.340119
278809;EZ10_G2-005;52.482223787;13.3573551779;0.924315691;-1.5;50;f;2018-03-07 09:34:54+01;2018-03-07 08:34:54.754777
278810;EZ10_G2-005;52.4822183476;13.3573483907;0.9250955582;-1.5269980431;50;f;2018-03-07 09:34:55+01;2018-03-07 08:34:55.214714
278811;EZ10_G2-005;52.4822129422;13.3573416597;0.9248780012;-1.4439980984;50;f;2018-03-07 09:34:55+01;2018-03-07 08:34:55.72407
278812;EZ10_G2-005;52.4822078122;13.3573352894;0.9261600971;-1.3879982233;50;f;2018-03-07 09:34:56+01;2018-03-07 08:34:56.25597
278813;EZ10_G2-005;52.4822029142;13.3573292258;0.9279015064;-1.3879982233;50;f;2018-03-07 09:34:56+01;2018-03-07 08:34:56.715571
278814;EZ10_G2-005;52.4821979334;13.3573230542;0.928839922;-1.3609982729;50;f;2018-03-07 09:34:57+01;2018-03-07 08:34:57.235183
278815;EZ10_G2-005;52.4821929664;13.3573169444;0.9427222013;-1.3309178352;50;f;2018-03-07 09:34:57+01;2018-03-07 08:34:57.714993
278816;EZ10_G2-005;52.4821880103;13.3573111966;0.9823640585;-1.3269386292;50;f;2018-03-07 09:34:58+01;2018-03-07 08:34:58.214677
278817;EZ10_G2-005;52.4821829212;13.3573059101;1.0471292734;-1.3214738369;50;f;2018-03-07 09:34:58+01;2018-03-07 08:34:58.754765
278818;EZ10_G2-005;52.4821776864;13.3573012701;1.1255973577;-1.2877444029;50;f;2018-03-07 09:34:59+01;2018-03-07 08:34:59.214674
278819;EZ10_G2-005;52.4821723915;13.3572974514;1.2168190479;-1.2837052345;50;f;2018-03-07 09:34:59+01;2018-03-07 08:34:59.715029
278820;EZ10_G2-005;52.4821668377;13.3572944505;1.3210886717;-1.3053859472;50;f;2018-03-07 09:35:00+01;2018-03-07 08:35:00.216952
278821;EZ10_G2-005;52.4821610405;13.3572924442;1.4369679689;-1.301248312;50;f;2018-03-07 09:35:00+01;2018-03-07 08:35:00.75545
278822;EZ10_G2-005;52.4821549384;13.3572915701;1.5615487099;-1.3529212475;50;f;2018-03-07 09:35:01+01;2018-03-07 08:35:01.23481
278823;EZ10_G2-005;52.4821487817;13.3572919462;1.6919320822;-1.3240659237;50;f;2018-03-07 09:35:01+01;2018-03-07 08:35:01.723297
278824;EZ10_G2-005;52.4821431386;13.3572934267;1.8127791882;-1.2690703869;50;f;2018-03-07 09:35:02+01;2018-03-07 08:35:02.216764
278825;EZ10_G2-005;52.4821378701;13.357295871;1.9305809736;-1.1338974237;50;f;2018-03-07 09:35:02+01;2018-03-07 08:35:02.763675
278826;EZ10_G2-005;52.4821331667;13.3572990168;2.0375220776;-1.1100723743;50;f;2018-03-07 09:35:03+01;2018-03-07 08:35:03.21893
278827;EZ10_G2-005;52.4821287981;13.3573028307;2.1350355148;-1.0872365236;50;f;2018-03-07 09:35:03+01;2018-03-07 08:35:03.714517
278828;EZ10_G2-005;52.4821246588;13.3573073331;2.2211096287;-1.0365093946;50;f;2018-03-07 09:35:04+01;2018-03-07 08:35:04.21603
278829;EZ10_G2-005;52.4821210447;13.3573119939;2.2953381538;-1.0407578945;50;f;2018-03-07 09:35:04+01;2018-03-07 08:35:04.722976
278830;EZ10_G2-005;52.4821175664;13.3573172327;2.3601379395;-1.0736355782;50;f;2018-03-07 09:35:05+01;2018-03-07 08:35:05.234883
278831;EZ10_G2-005;52.4821142099;13.3573229285;2.4125061035;-1.0775569677;50;f;2018-03-07 09:35:05+01;2018-03-07 08:35:05.72419
278832;EZ10_G2-005;52.482110943;13.3573290382;2.4494099617;-1.1084774733;50;f;2018-03-07 09:35:06+01;2018-03-07 08:35:06.234884
278833;EZ10_G2-005;52.4821078173;13.3573352695;2.4702050686;-0.9717059135;50;f;2018-03-07 09:35:06+01;2018-03-07 08:35:06.734886
278834;EZ10_G2-005;52.4821049771;13.3573410982;2.4742176533;-0.999994576;50;f;2018-03-07 09:35:07+01;2018-03-07 08:35:07.215966
278835;EZ10_G2-005;52.482102497;13.3573462344;2.4716022015;-0.9439666867;50;f;2018-03-07 09:35:07+01;2018-03-07 08:35:07.723036
278836;EZ10_G2-005;52.4820997627;13.3573518637;2.469135046;-1.026987195;50;f;2018-03-07 09:35:08+01;2018-03-07 08:35:08.214786
278837;EZ10_G2-005;52.4820966773;13.3573581333;2.4667463303;-1.1109986305;50;f;2018-03-07 09:35:08+01;2018-03-07 08:35:08.734916
278838;EZ10_G2-005;52.4820934122;13.357364753;2.4643647671;-1.1659984589;50;f;2018-03-07 09:35:09+01;2018-03-07 08:35:09.234978
278839;EZ10_G2-005;52.4820901757;13.3573713321;2.4643232822;-1.1379863024;50;f;2018-03-07 09:35:09+01;2018-03-07 08:35:09.714951
278840;EZ10_G2-005;52.482086939;13.3573779444;2.4669671059;-1.1659860611;50;f;2018-03-07 09:35:10+01;2018-03-07 08:35:10.21475
278841;EZ10_G2-005;52.4820835382;13.3573848768;2.4659900665;-1.2499129772;50;f;2018-03-07 09:35:10+01;2018-03-07 08:35:10.722831
278842;EZ10_G2-005;52.4820797665;13.3573924543;2.4536244869;-1.3872025013;50;f;2018-03-07 09:35:11+01;2018-03-07 08:35:11.234868
278843;EZ10_G2-005;52.4820754457;13.3574008233;2.4235603809;-1.5805184841;50;f;2018-03-07 09:35:11+01;2018-03-07 08:35:11.723604
278844;EZ10_G2-005;52.4820703784;13.3574100225;2.3821322918;-1.716976881;50;f;2018-03-07 09:35:12+01;2018-03-07 08:35:12.24322
278845;EZ10_G2-005;52.4820649468;13.3574189526;2.3261802197;-1.7971327305;50;f;2018-03-07 09:35:12+01;2018-03-07 08:35:12.762924
278846;EZ10_G2-005;52.4820587407;13.3574279198;2.2518270016;-1.8493192196;50;f;2018-03-07 09:35:13+01;2018-03-07 08:35:13.234944
278847;EZ10_G2-005;52.4820522616;13.3574358724;2.1636514664;-1.7618438005;50;f;2018-03-07 09:35:13+01;2018-03-07 08:35:13.722897
278848;EZ10_G2-005;52.4820458457;13.3574423651;2.0694959164;-1.5938603878;50;f;2018-03-07 09:35:14+01;2018-03-07 08:35:14.259199
278849;EZ10_G2-005;52.4820397515;13.3574473084;1.9756211042;-1.480936408;50;f;2018-03-07 09:35:14+01;2018-03-07 08:35:14.722938
278850;EZ10_G2-005;52.4820339589;13.3574509395;1.8820972443;-1.3126636744;50;f;2018-03-07 09:35:15+01;2018-03-07 08:35:15.234603
278851;EZ10_G2-005;52.482028693;13.3574533378;1.7929179668;-1.1449729204;50;f;2018-03-07 09:35:15+01;2018-03-07 08:35:15.723045
278852;EZ10_G2-005;52.4820240033;13.3574547757;1.7081148624;-0.9796472192;50;f;2018-03-07 09:35:16+01;2018-03-07 08:35:16.234675
278853;EZ10_G2-005;52.4820198201;13.357455455;1.6294862032;-0.8954347372;50;f;2018-03-07 09:35:16+01;2018-03-07 08:35:16.741729
278854;EZ10_G2-005;52.4820161097;13.3574556151;1.5572353601;-0.7863456011;50;f;2018-03-07 09:35:17+01;2018-03-07 08:35:17.215667
278855;EZ10_G2-005;52.4820127927;13.3574553852;1.4920492172;-0.7047394514;50;f;2018-03-07 09:35:17+01;2018-03-07 08:35:17.762506
278856;EZ10_G2-005;52.4820099451;13.3574548992;1.4362738132;-0.6500782371;50;f;2018-03-07 09:35:18+01;2018-03-07 08:35:18.255099
278857;EZ10_G2-005;52.4820071273;13.3574541211;1.3808138371;-0.6505666375;50;f;2018-03-07 09:35:18+01;2018-03-07 08:35:18.714763
278858;EZ10_G2-005;52.4820045699;13.3574531632;1.3304370642;-0.5429341197;50;f;2018-03-07 09:35:19+01;2018-03-07 08:35:19.234767
278859;EZ10_G2-005;52.4820021247;13.3574520559;1.2817152739;-0.598564446;50;f;2018-03-07 09:35:19+01;2018-03-07 08:35:19.722601
278860;EZ10_G2-005;52.4819994616;13.3574506203;1.230009079;-0.681260705;50;f;2018-03-07 09:35:20+01;2018-03-07 08:35:20.214685
278861;EZ10_G2-005;52.4819963299;13.3574486257;1.1721388102;-0.8195418119;50;f;2018-03-07 09:35:20+01;2018-03-07 08:35:20.743265
278862;EZ10_G2-005;52.4819926296;13.3574458455;1.1080247164;-0.9870193601;50;f;2018-03-07 09:35:21+01;2018-03-07 08:35:21.234753
278863;EZ10_G2-005;52.4819883981;13.3574421305;1.0440642834;-1.1275228262;50;f;2018-03-07 09:35:21+01;2018-03-07 08:35:21.714788
278864;EZ10_G2-005;52.4819836586;13.3574373307;0.9820690155;-1.3251326084;50;f;2018-03-07 09:35:22+01;2018-03-07 08:35:22.220074
278865;EZ10_G2-005;52.4819784473;13.3574313055;0.9313608408;-1.4684361219;50;f;2018-03-07 09:35:22+01;2018-03-07 08:35:22.723109
278866;EZ10_G2-005;52.4819731298;13.3574245353;0.8990402222;-1.6101648808;50;f;2018-03-07 09:35:23+01;2018-03-07 08:35:23.235484
278867;EZ10_G2-005;52.4819671561;13.3574165765;0.8891878724;-1.7499630451;50;f;2018-03-07 09:35:23+01;2018-03-07 08:35:23.722879
278868;EZ10_G2-005;52.4819608657;13.3574081762;0.8929425478;-1.8329976797;50;f;2018-03-07 09:35:24+01;2018-03-07 08:35:24.234974
278869;EZ10_G2-005;52.4819545129;13.3573996794;0.8893559575;-1.8329900503;50;f;2018-03-07 09:35:24+01;2018-03-07 08:35:24.734985
278870;EZ10_G2-005;52.4819481063;13.3573910826;0.8872142434;-1.8049976826;50;f;2018-03-07 09:35:25+01;2018-03-07 08:35:25.236043
278871;EZ10_G2-005;52.481941734;13.3573824656;0.8843836188;-1.8329976797;50;f;2018-03-07 09:35:25+01;2018-03-07 08:35:25.722653
278872;EZ10_G2-005;52.4819353662;13.3573738426;0.8834908605;-1.8329976797;50;f;2018-03-07 09:35:26+01;2018-03-07 08:35:26.275049
278873;EZ10_G2-005;52.4819290711;13.3573652822;0.8819164634;-1.8049976826;50;f;2018-03-07 09:35:26+01;2018-03-07 08:35:26.7348
278874;EZ10_G2-005;52.4819228077;13.3573567375;0.880677402;-1.8049999475;50;f;2018-03-07 09:35:27+01;2018-03-07 08:35:27.216843
278875;EZ10_G2-005;52.4819165527;13.3573481882;0.8787228465;-1.8049999475;50;f;2018-03-07 09:35:27+01;2018-03-07 08:35:27.722794
278876;EZ10_G2-005;52.4819105543;13.3573399548;0.8784554601;-1.8049976826;50;f;2018-03-07 09:35:28+01;2018-03-07 08:35:28.234953
278877;EZ10_G2-005;52.4819043013;13.3573313669;0.878791213;-1.8049976826;50;f;2018-03-07 09:35:28+01;2018-03-07 08:35:28.762818
278878;EZ10_G2-005;52.4818979788;13.3573226936;0.8794578314;-1.8329976797;50;f;2018-03-07 09:35:29+01;2018-03-07 08:35:29.238884
278879;EZ10_G2-005;52.4818915054;13.3573138338;0.8800424933;-1.8879976273;50;f;2018-03-07 09:35:29+01;2018-03-07 08:35:29.73511
278880;EZ10_G2-005;52.4818847358;13.3573045868;0.8803016543;-1.9719974995;50;f;2018-03-07 09:35:30+01;2018-03-07 08:35:30.829968
278881;EZ10_G2-005;52.4818778272;13.3572951362;0.8798881173;-2;50;f;2018-03-07 09:35:30+01;2018-03-07 08:35:30.840905
278882;EZ10_G2-005;52.4818708042;13.3572855393;0.8794978261;-2;50;f;2018-03-07 09:35:31+01;2018-03-07 08:35:31.234703
278883;EZ10_G2-005;52.4818638421;13.3572760012;0.8779343367;-2;50;f;2018-03-07 09:35:31+01;2018-03-07 08:35:31.74257
278884;EZ10_G2-005;52.4818568219;13.3572664169;0.8787332773;-2.0269973278;50;f;2018-03-07 09:35:32+01;2018-03-07 08:35:32.217
278885;EZ10_G2-005;52.4818498578;13.3572569336;0.8793703914;-1.9719974995;50;f;2018-03-07 09:35:32+01;2018-03-07 08:35:32.722713
278886;EZ10_G2-005;52.4818430087;13.3572476193;0.8804885149;-1.9439975023;50;f;2018-03-07 09:35:33+01;2018-03-07 08:35:33.23506
278887;EZ10_G2-005;52.4818368114;13.3572391895;0.8790117502;-1.7499904633;50;f;2018-03-07 09:35:33+01;2018-03-07 08:35:33.734839
278888;EZ10_G2-005;52.4818305817;13.3572306905;0.8775297403;-1.7219977379;50;f;2018-03-07 09:35:34+01;2018-03-07 08:35:34.28277
278889;EZ10_G2-005;52.4818248813;13.357222887;0.8768401146;-1.5549999475;50;f;2018-03-07 09:35:34+01;2018-03-07 08:35:34.734978
278890;EZ10_G2-005;52.4818197018;13.357215798;0.8760660887;-1.4440000057;50;f;2018-03-07 09:35:35+01;2018-03-07 08:35:35.235029
278891;EZ10_G2-005;52.4818147141;13.3572089668;0.8768075705;-1.3880000114;50;f;2018-03-07 09:35:35+01;2018-03-07 08:35:35.734844
278892;EZ10_G2-005;52.4818101776;13.3572027418;0.8763702512;-1.2769999504;50;f;2018-03-07 09:35:36+01;2018-03-07 08:35:36.214605
278893;EZ10_G2-005;52.4818057954;13.3571967163;0.8751393557;-1.25;50;f;2018-03-07 09:35:36+01;2018-03-07 08:35:36.73479
278894;EZ10_G2-005;52.4818014349;13.3571907048;0.8753925562;-1.2769984007;50;f;2018-03-07 09:35:37+01;2018-03-07 08:35:37.215642
278895;EZ10_G2-005;52.4817970302;13.3571846407;0.8763021231;-1.2769984007;50;f;2018-03-07 09:35:37+01;2018-03-07 08:35:37.744017
278896;EZ10_G2-005;52.4817926569;13.3571786365;0.8780744672;-1.2499984503;50;f;2018-03-07 09:35:38+01;2018-03-07 08:35:38.274986
278897;EZ10_G2-005;52.4817885685;13.3571730268;0.8784172535;-1.2220000029;50;f;2018-03-07 09:35:38+01;2018-03-07 08:35:38.73464
278898;EZ10_G2-005;52.4817842671;13.3571671316;0.8788949847;-1.2769999504;50;f;2018-03-07 09:35:39+01;2018-03-07 08:35:39.214819
278899;EZ10_G2-005;52.4817795916;13.3571607166;0.8784334064;-1.4159982204;50;f;2018-03-07 09:35:39+01;2018-03-07 08:35:39.734469
278900;EZ10_G2-005;52.4817743922;13.3571536183;0.8795781732;-1.5829979181;50;f;2018-03-07 09:35:40+01;2018-03-07 08:35:40.216704
278901;EZ10_G2-005;52.4817686371;13.3571457834;0.8796623945;-1.7219977379;50;f;2018-03-07 09:35:40+01;2018-03-07 08:35:40.722716
278902;EZ10_G2-005;52.4817625443;13.3571374668;0.8786402941;-1.7769976854;50;f;2018-03-07 09:35:41+01;2018-03-07 08:35:41.234572
278903;EZ10_G2-005;52.4817564431;13.3571290989;0.8769034743;-1.7769976854;50;f;2018-03-07 09:35:41+01;2018-03-07 08:35:41.73481
278904;EZ10_G2-005;52.4817501425;13.3571204447;0.8767353296;-1.8880000114;50;f;2018-03-07 09:35:42+01;2018-03-07 08:35:42.215467
278905;EZ10_G2-005;52.4817435181;13.3571113432;0.8765728474;-1.9440000057;50;f;2018-03-07 09:35:42+01;2018-03-07 08:35:42.742633
278906;EZ10_G2-005;52.4817367854;13.3571020856;0.8774057627;-1.9439975023;50;f;2018-03-07 09:35:43+01;2018-03-07 08:35:43.234777
278907;EZ10_G2-005;52.481730325;13.35709321;0.878551662;-1.9439975023;50;f;2018-03-07 09:35:43+01;2018-03-07 08:35:43.742834
278908;EZ10_G2-005;52.4817235796;13.3570839765;0.8791216612;-1.9440000057;50;f;2018-03-07 09:35:44+01;2018-03-07 08:35:44.240856
278909;EZ10_G2-005;52.4817168578;13.3570747594;0.8789076209;-1.9439975023;50;f;2018-03-07 09:35:44+01;2018-03-07 08:35:44.714838
278910;EZ10_G2-005;52.4817101186;13.3570655172;0.8786864281;-1.9440000057;50;f;2018-03-07 09:35:45+01;2018-03-07 08:35:45.234828
278911;EZ10_G2-005;52.4817033193;13.3570561899;0.8787702918;-1.9440000057;50;f;2018-03-07 09:35:45+01;2018-03-07 08:35:45.734774
278912;EZ10_G2-005;52.4816964848;13.357046835;0.879295826;-1.9720000029;50;f;2018-03-07 09:35:46+01;2018-03-07 08:35:46.235008
278913;EZ10_G2-005;52.4816896354;13.3570374577;0.8780045509;-1.9719753265;50;f;2018-03-07 09:35:46+01;2018-03-07 08:35:46.734885
278914;EZ10_G2-005;52.481682797;13.3570280022;0.8651863337;-1.9713639021;50;f;2018-03-07 09:35:47+01;2018-03-07 08:35:47.217783
278915;EZ10_G2-005;52.4816761044;13.3570184164;0.8433257341;-1.9706283808;50;f;2018-03-07 09:35:47+01;2018-03-07 08:35:47.723493
278916;EZ10_G2-005;52.4816695327;13.3570084752;0.8066128492;-1.9692726135;50;f;2018-03-07 09:35:48+01;2018-03-07 08:35:48.254897
278917;EZ10_G2-005;52.4816633255;13.3569983324;0.7627583742;-1.939520359;50;f;2018-03-07 09:35:48+01;2018-03-07 08:35:48.735069
278918;EZ10_G2-005;52.4816575888;13.3569880424;0.7131459713;-1.9662475586;50;f;2018-03-07 09:35:49+01;2018-03-07 08:35:49.250773
278919;EZ10_G2-005;52.4816519859;13.3569768072;0.6506441236;-1.9646100998;50;f;2018-03-07 09:35:49+01;2018-03-07 08:35:49.735082
278920;EZ10_G2-005;52.4816468554;13.3569650251;0.5796445608;-1.9627681971;50;f;2018-03-07 09:35:50+01;2018-03-07 08:35:50.218389
278921;EZ10_G2-005;52.4816422433;13.3569526065;0.5038365722;-1.9889221191;50;f;2018-03-07 09:35:50+01;2018-03-07 08:35:50.755438
278922;EZ10_G2-005;52.4816382222;13.3569395471;0.4195195436;-1.9870635271;50;f;2018-03-07 09:35:51+01;2018-03-07 08:35:51.235051
278923;EZ10_G2-005;52.4816349042;13.3569259496;0.3329395354;-2.0142772198;50;f;2018-03-07 09:35:51+01;2018-03-07 08:35:51.734589
278924;EZ10_G2-005;52.4816323147;13.3569118265;0.2453373075;-1.9878242016;50;f;2018-03-07 09:35:52+01;2018-03-07 08:35:52.216511
278925;EZ10_G2-005;52.4816304731;13.3568973161;0.1615273207;-2.0154075623;50;f;2018-03-07 09:35:52+01;2018-03-07 08:35:52.762817
278926;EZ10_G2-005;52.4816293695;13.3568826528;0.080941081;-2.0164852142;50;f;2018-03-07 09:35:53+01;2018-03-07 08:35:53.234829
278927;EZ10_G2-005;52.481628985;13.3568677716;0.0027158121;-2.0178408623;50;f;2018-03-07 09:35:53+01;2018-03-07 08:35:53.782782
278928;EZ10_G2-005;52.4816292506;13.3568530477;-0.0685918853;-1.9634047747;50;f;2018-03-07 09:35:54+01;2018-03-07 08:35:54.254793
278929;EZ10_G2-005;52.4816300771;13.3568391477;-0.132267341;-1.9925050735;50;f;2018-03-07 09:35:54+01;2018-03-07 08:35:54.770685
278930;EZ10_G2-005;52.4816315188;13.3568247333;-0.1971881986;-1.9930818081;50;f;2018-03-07 09:35:55+01;2018-03-07 08:35:55.234868
278931;EZ10_G2-005;52.4816335104;13.3568104684;-0.2549975812;-1.96674788;50;f;2018-03-07 09:35:55+01;2018-03-07 08:35:55.783192
278932;EZ10_G2-005;52.4816359622;13.3567965463;-0.3094789386;-1.9953913689;50;f;2018-03-07 09:35:56+01;2018-03-07 08:35:56.234683
278933;EZ10_G2-005;52.4816388773;13.356782499;-0.3567607105;-1.9956191778;50;f;2018-03-07 09:35:56+01;2018-03-07 08:35:56.726607
278934;EZ10_G2-005;52.4816420875;13.3567691548;-0.4015747607;-1.8840740919;50;f;2018-03-07 09:35:57+01;2018-03-07 08:35:57.242953
278935;EZ10_G2-005;52.4816457068;13.3567560373;-0.4481755793;-1.9133501053;50;f;2018-03-07 09:35:57+01;2018-03-07 08:35:57.775351
278936;EZ10_G2-005;52.4816495383;13.3567433935;-0.484100163;-1.9696136713;50;f;2018-03-07 09:35:58+01;2018-03-07 08:35:58.27511
278937;EZ10_G2-005;52.4816536363;13.3567308773;-0.514842093;-1.997902751;50;f;2018-03-07 09:35:58+01;2018-03-07 08:35:58.77087
278938;EZ10_G2-005;52.4816579959;13.356718533;-0.5474512577;-1.9419614077;50;f;2018-03-07 09:35:59+01;2018-03-07 08:35:59.234783
278939;EZ10_G2-005;52.4816624836;13.3567066581;-0.5748448968;-1.9703669548;50;f;2018-03-07 09:35:59+01;2018-03-07 08:35:59.774956
278940;EZ10_G2-005;52.481667342;13.3566945663;-0.6007199287;-1.9707505703;50;f;2018-03-07 09:36:00+01;2018-03-07 08:36:00.216961
278941;EZ10_G2-005;52.4816724466;13.3566824803;-0.6223894358;-1.9711822271;50;f;2018-03-07 09:36:00+01;2018-03-07 08:36:00.750706
278942;EZ10_G2-005;52.4816776955;13.3566706083;-0.6376892924;-1.9995160103;50;f;2018-03-07 09:36:01+01;2018-03-07 08:36:01.234756
278943;EZ10_G2-005;52.4816831565;13.3566587019;-0.6504619718;-2.0548126698;50;f;2018-03-07 09:36:01+01;2018-03-07 08:36:01.735884
278944;EZ10_G2-005;52.4816887295;13.3566466934;-0.653811276;-2.0828938484;50;f;2018-03-07 09:36:02+01;2018-03-07 08:36:02.216296
278945;EZ10_G2-005;52.4816944006;13.3566346668;-0.6619186997;-2.1108076572;50;f;2018-03-07 09:36:02+01;2018-03-07 08:36:02.743096
278946;EZ10_G2-005;52.4817002175;13.3566225379;-0.6652984619;-2.1109526157;50;f;2018-03-07 09:36:03+01;2018-03-07 08:36:03.2347
278947;EZ10_G2-005;52.4817060266;13.356610474;-0.66848737;-2.026974678;50;f;2018-03-07 09:36:03+01;2018-03-07 08:36:03.742815
278948;EZ10_G2-005;52.4817117618;13.3565985548;-0.6669958234;-2.0549888611;50;f;2018-03-07 09:36:04+01;2018-03-07 08:36:04.254975
278949;EZ10_G2-005;52.4817172294;13.3565871908;-0.6675700545;-2.0829532146;50;f;2018-03-07 09:36:04+01;2018-03-07 08:36:04.734889
278950;EZ10_G2-005;52.4817228712;13.3565755193;-0.6711041927;-1.9438647032;50;f;2018-03-07 09:36:05+01;2018-03-07 08:36:05.24288
278951;EZ10_G2-005;52.4817285297;13.3565639861;-0.6820508242;-2.0265095234;50;f;2018-03-07 09:36:05+01;2018-03-07 08:36:05.734739
278952;EZ10_G2-005;52.4817341708;13.3565527558;-0.6967238784;-1.9154618979;50;f;2018-03-07 09:36:06+01;2018-03-07 08:36:06.255113
278953;EZ10_G2-005;52.4817396515;13.3565421684;-0.7168978453;-1.7756487131;50;f;2018-03-07 09:36:06+01;2018-03-07 08:36:06.716223
278954;EZ10_G2-005;52.4817451365;13.3565321563;-0.7456978559;-1.7756487131;50;f;2018-03-07 09:36:07+01;2018-03-07 08:36:07.216912
278955;EZ10_G2-005;52.4817503269;13.3565231378;-0.7722350955;-1.5529860258;50;f;2018-03-07 09:36:07+01;2018-03-07 08:36:07.74272
278956;EZ10_G2-005;52.4817550061;13.3565154445;-0.7989612222;-1.3591176271;50;f;2018-03-07 09:36:08+01;2018-03-07 08:36:08.214346
278957;EZ10_G2-005;52.4817590334;13.3565091765;-0.8249560595;-1.1083101034;50;f;2018-03-07 09:36:08+01;2018-03-07 08:36:08.734568
278958;EZ10_G2-005;52.4817623245;13.3565043514;-0.8527013659;-0.8584884405;50;f;2018-03-07 09:36:09+01;2018-03-07 08:36:09.234945
278959;EZ10_G2-005;52.4817648622;13.3565008134;-0.873308301;-0.5811446905;50;f;2018-03-07 09:36:09+01;2018-03-07 08:36:09.791107
278960;EZ10_G2-005;52.4817664496;13.3564986927;-0.8858227134;-0.3598511815;50;f;2018-03-07 09:36:10+01;2018-03-07 08:36:10.218778
278961;EZ10_G2-005;52.4817673974;13.3564974769;-0.8932688832;-0.1933826208;50;f;2018-03-07 09:36:10+01;2018-03-07 08:36:10.734647
278962;EZ10_G2-005;52.4817678879;13.356496854;-0.8982477784;-0.0827128962;50;f;2018-03-07 09:36:11+01;2018-03-07 08:36:11.234916
278963;EZ10_G2-005;52.4817681366;13.3564965731;-0.8999530077;-0.0269027501;50;f;2018-03-07 09:36:11+01;2018-03-07 08:36:11.782945
278964;EZ10_G2-005;52.4817681865;13.3564965426;-0.8998929858;0;50;f;2018-03-07 09:36:12+01;2018-03-07 08:36:12.224813
278965;EZ10_G2-005;52.4817682234;13.3564965352;-0.8998995423;0;50;f;2018-03-07 09:36:12+01;2018-03-07 08:36:12.742738
278966;EZ10_G2-005;52.4817682574;13.3564965255;-0.9002450705;0;50;f;2018-03-07 09:36:13+01;2018-03-07 08:36:13.234747
278967;EZ10_G2-005;52.4817682827;13.3564965258;-0.9000682831;0;50;f;2018-03-07 09:36:13+01;2018-03-07 08:36:13.734894
278968;EZ10_G2-005;52.4817683055;13.3564965276;-0.8998636603;0;50;f;2018-03-07 09:36:14+01;2018-03-07 08:36:14.254871
278969;EZ10_G2-005;52.4817683229;13.3564965296;-0.8998737931;0;50;f;2018-03-07 09:36:14+01;2018-03-07 08:36:14.734736
278970;EZ10_G2-005;52.4817683453;13.3564965348;-0.9000344872;0;50;f;2018-03-07 09:36:15+01;2018-03-07 08:36:15.242648
278971;EZ10_G2-005;52.4817683573;13.3564965373;-0.9001566768;0;50;f;2018-03-07 09:36:15+01;2018-03-07 08:36:15.734895
278972;EZ10_G2-005;52.4817683713;13.3564965377;-0.9001426101;0;50;f;2018-03-07 09:36:16+01;2018-03-07 08:36:16.254624
278973;EZ10_G2-005;52.4817683841;13.3564965412;-0.8998697996;0;50;f;2018-03-07 09:36:16+01;2018-03-07 08:36:16.734766
278974;EZ10_G2-005;52.4817683904;13.3564965423;-0.9000116587;0;50;f;2018-03-07 09:36:17+01;2018-03-07 08:36:17.216751
278975;EZ10_G2-005;52.4817684006;13.3564965444;-0.9001752734;0;50;f;2018-03-07 09:36:17+01;2018-03-07 08:36:17.742676
278976;EZ10_G2-005;52.4817684089;13.3564965454;-0.8999297619;0;50;f;2018-03-07 09:36:18+01;2018-03-07 08:36:18.254831
278977;EZ10_G2-005;52.4817684166;13.3564965468;-0.8998585939;0;50;f;2018-03-07 09:36:18+01;2018-03-07 08:36:18.742926
278978;EZ10_G2-005;52.4817685613;13.3564963682;-0.9000701308;-0.0827010497;50;f;2018-03-07 09:36:19+01;2018-03-07 08:36:19.235052
278979;EZ10_G2-005;52.4817686563;13.356496251;-0.9003579617;-0.0548018999;50;f;2018-03-07 09:36:19+01;2018-03-07 08:36:19.7826
278980;EZ10_G2-005;52.4817690613;13.3564957139;-0.9049950242;-0.1933012456;50;f;2018-03-07 09:36:20+01;2018-03-07 08:36:20.383896
278981;EZ10_G2-005;52.4817700878;13.3564943732;-0.9153985381;-0.4141868055;50;f;2018-03-07 09:36:20+01;2018-03-07 08:36:20.734957
278982;EZ10_G2-005;52.4817719182;13.3564920791;-0.93595016;-0.6079353094;50;f;2018-03-07 09:36:21+01;2018-03-07 08:36:21.235366
278983;EZ10_G2-005;52.4817744127;13.3564891084;-0.9632832408;-0.7455734611;50;f;2018-03-07 09:36:21+01;2018-03-07 08:36:21.735482
278984;EZ10_G2-005;52.4817774505;13.3564857383;-0.9981700182;-0.8825939298;50;f;2018-03-07 09:36:22+01;2018-03-07 08:36:22.231442
278985;EZ10_G2-005;52.481781143;13.3564819832;-1.0450954437;-1.0455282927;50;f;2018-03-07 09:36:22+01;2018-03-07 08:36:22.742485
278986;EZ10_G2-005;52.4817853768;13.3564781832;-1.104172945;-1.098903656;50;f;2018-03-07 09:36:23+01;2018-03-07 08:36:23.235699
278987;EZ10_G2-005;52.481789858;13.3564747186;-1.1727126837;-1.1216340065;50;f;2018-03-07 09:36:23+01;2018-03-07 08:36:23.734807
278988;EZ10_G2-005;52.4817946523;13.3564716743;-1.2526197433;-1.1991705894;50;f;2018-03-07 09:36:24+01;2018-03-07 08:36:24.254938
278989;EZ10_G2-005;52.481800049;13.3564691252;-1.3538460732;-1.3289641142;50;f;2018-03-07 09:36:24+01;2018-03-07 08:36:24.734867
278990;EZ10_G2-005;52.4818061697;13.3564674433;-1.4801163673;-1.45718503;50;f;2018-03-07 09:36:25+01;2018-03-07 08:36:25.234662
278991;EZ10_G2-005;52.4818127319;13.3564671082;-1.6216593981;-1.5899157524;50;f;2018-03-07 09:36:25+01;2018-03-07 08:36:25.743543
278992;EZ10_G2-005;52.4818199701;13.3564685593;-1.7763892412;-1.6795506477;50;f;2018-03-07 09:36:26+01;2018-03-07 08:36:26.255631
278993;EZ10_G2-005;52.4818272003;13.3564718537;-1.9132026434;-1.6925845146;50;f;2018-03-07 09:36:26+01;2018-03-07 08:36:26.734923
278994;EZ10_G2-005;52.4818341953;13.3564766558;-2.0238368511;-1.7041028738;50;f;2018-03-07 09:36:27+01;2018-03-07 08:36:27.216706
278995;EZ10_G2-005;52.4818409164;13.3564826116;-2.1067972183;-1.7118366957;50;f;2018-03-07 09:36:27+01;2018-03-07 08:36:27.763082
278996;EZ10_G2-005;52.4818473804;13.3564894003;-2.1680521965;-1.7171977758;50;f;2018-03-07 09:36:28+01;2018-03-07 08:36:28.306134
278997;EZ10_G2-005;52.4818536653;13.3564967384;-2.2066831589;-1.7201942205;50;f;2018-03-07 09:36:28+01;2018-03-07 08:36:28.735859
278998;EZ10_G2-005;52.4818599567;13.3565045284;-2.2268455029;-1.7496973276;50;f;2018-03-07 09:36:29+01;2018-03-07 08:36:29.242876
278999;EZ10_G2-005;52.4818664116;13.3565126694;-2.2317056656;-1.8049901724;50;f;2018-03-07 09:36:29+01;2018-03-07 08:36:29.775368
279000;EZ10_G2-005;52.4818730128;13.3565209865;-2.2309324741;-1.8329770565;50;f;2018-03-07 09:36:30+01;2018-03-07 08:36:30.235061
279001;EZ10_G2-005;52.4818796778;13.3565293857;-2.233025074;-1.8329588175;50;f;2018-03-07 09:36:30+01;2018-03-07 08:36:30.734976
279002;EZ10_G2-005;52.4818861537;13.3565375299;-2.2348484993;-1.8609050512;50;f;2018-03-07 09:36:31+01;2018-03-07 08:36:31.242651
279003;EZ10_G2-005;52.4818927807;13.3565458653;-2.2365953922;-1.8329064846;50;f;2018-03-07 09:36:31+01;2018-03-07 08:36:31.73491
279004;EZ10_G2-005;52.481899279;13.3565540967;-2.2390942574;-1.804907918;50;f;2018-03-07 09:36:32+01;2018-03-07 08:36:32.217067
279005;EZ10_G2-005;52.4819056069;13.3565621434;-2.2414507866;-1.7499382496;50;f;2018-03-07 09:36:32+01;2018-03-07 08:36:32.743093
279006;EZ10_G2-005;52.481911917;13.3565701965;-2.2429254055;-1.7769601345;50;f;2018-03-07 09:36:33+01;2018-03-07 08:36:33.234986
279007;EZ10_G2-005;52.4819183325;13.3565783968;-2.2422111034;-1.8329770565;50;f;2018-03-07 09:36:33+01;2018-03-07 08:36:33.743238
279008;EZ10_G2-005;52.4819249849;13.3565868805;-2.2397348881;-1.9159760475;50;f;2018-03-07 09:36:34+01;2018-03-07 08:36:34.240696
279009;EZ10_G2-005;52.481931957;13.3565957682;-2.2384066582;-1.971989274;50;f;2018-03-07 09:36:34+01;2018-03-07 08:36:34.73495
279010;EZ10_G2-005;52.4819390126;13.3566047523;-2.2368195057;-1.971989274;50;f;2018-03-07 09:36:35+01;2018-03-07 08:36:35.234722
279011;EZ10_G2-005;52.4819461509;13.3566138434;-2.2347109318;-1.999989152;50;f;2018-03-07 09:36:35+01;2018-03-07 08:36:35.734482
279012;EZ10_G2-005;52.4819530371;13.3566225993;-2.2339510918;-1.999989152;50;f;2018-03-07 09:36:36+01;2018-03-07 08:36:36.282868
279013;EZ10_G2-005;52.4819601427;13.3566315965;-2.2304334641;-1.9439975023;50;f;2018-03-07 09:36:36+01;2018-03-07 08:36:36.735671
279014;EZ10_G2-005;52.4819668119;13.3566399765;-2.2274026871;-1.7769902945;50;f;2018-03-07 09:36:37+01;2018-03-07 08:36:37.21724
279015;EZ10_G2-005;52.4819733538;13.3566481662;-2.2262177467;-1.7499904633;50;f;2018-03-07 09:36:37+01;2018-03-07 08:36:37.725868
279016;EZ10_G2-005;52.481979481;13.3566558246;-2.225130558;-1.6659909487;50;f;2018-03-07 09:36:38+01;2018-03-07 08:36:38.262517
279017;EZ10_G2-005;52.4819853042;13.3566630806;-2.2244474888;-1.5829913616;50;f;2018-03-07 09:36:38+01;2018-03-07 08:36:38.73486
279018;EZ10_G2-005;52.4819906035;13.3566696854;-2.2238366604;-1.41599226;50;f;2018-03-07 09:36:39+01;2018-03-07 08:36:39.33002
279019;EZ10_G2-005;52.4819955778;13.3566758955;-2.2231993675;-1.3609925508;50;f;2018-03-07 09:36:39+01;2018-03-07 08:36:39.743378
279020;EZ10_G2-005;52.482000446;13.3566819358;-2.2221820354;-1.3609925508;50;f;2018-03-07 09:36:40+01;2018-03-07 08:36:40.216453
279021;EZ10_G2-005;52.4820053769;13.356688044;-2.2208564281;-1.3879925013;50;f;2018-03-07 09:36:40+01;2018-03-07 08:36:40.754318
279022;EZ10_G2-005;52.4820104524;13.3566943346;-2.2198913097;-1.41599226;50;f;2018-03-07 09:36:41+01;2018-03-07 08:36:41.354428
279023;EZ10_G2-005;52.4820153074;13.3567003352;-2.2187812328;-1.3609830141;50;f;2018-03-07 09:36:41+01;2018-03-07 08:36:41.754812
279024;EZ10_G2-005;52.4820201125;13.3567062665;-2.2187874317;-1.3049707413;50;f;2018-03-07 09:36:42+01;2018-03-07 08:36:42.216447
279025;EZ10_G2-005;52.4820247117;13.3567119356;-2.2187950611;-1.2499719858;50;f;2018-03-07 09:36:42+01;2018-03-07 08:36:42.742497
279026;EZ10_G2-005;52.4820291914;13.356717451;-2.2192072868;-1.2219725847;50;f;2018-03-07 09:36:43+01;2018-03-07 08:36:43.234356
279027;EZ10_G2-005;52.4820335016;13.3567227642;-2.2195708752;-1.1659737825;50;f;2018-03-07 09:36:43+01;2018-03-07 08:36:43.783478
279028;EZ10_G2-005;52.4820377203;13.3567279703;-2.2197341919;-1.165985465;50;f;2018-03-07 09:36:44+01;2018-03-07 08:36:44.235098
279029;EZ10_G2-005;52.4820419784;13.3567332189;-2.220095396;-1.1939851046;50;f;2018-03-07 09:36:44+01;2018-03-07 08:36:44.734634
279030;EZ10_G2-005;52.4820462926;13.3567385393;-2.2207765579;-1.1939851046;50;f;2018-03-07 09:36:45+01;2018-03-07 08:36:45.234887
279031;EZ10_G2-005;52.4820505583;13.3567437907;-2.2197883129;-1.1659936905;50;f;2018-03-07 09:36:45+01;2018-03-07 08:36:45.743868
279032;EZ10_G2-005;52.4820547482;13.3567489438;-2.2188785076;-1.1379858255;50;f;2018-03-07 09:36:46+01;2018-03-07 08:36:46.254657
279033;EZ10_G2-005;52.4820588768;13.35675402;-2.2189753056;-1.1109750271;50;f;2018-03-07 09:36:46+01;2018-03-07 08:36:46.734724
279034;EZ10_G2-005;52.482062715;13.356758746;-2.2192678452;-1.0829757452;50;f;2018-03-07 09:36:47+01;2018-03-07 08:36:47.216947
279035;EZ10_G2-005;52.4820665624;13.3567634905;-2.2195789814;-1.0549763441;50;f;2018-03-07 09:36:47+01;2018-03-07 08:36:47.742521
279036;EZ10_G2-005;52.4820703127;13.356768111;-2.220361948;-1.026976943;50;f;2018-03-07 09:36:48+01;2018-03-07 08:36:48.234887
279037;EZ10_G2-005;52.4820740416;13.356772713;-2.2208607197;-1.026976943;50;f;2018-03-07 09:36:48+01;2018-03-07 08:36:48.742498
279038;EZ10_G2-005;52.4820778248;13.356777382;-2.2207360268;-1.0549868345;50;f;2018-03-07 09:36:49+01;2018-03-07 08:36:49.234809
279039;EZ10_G2-005;52.4820817357;13.3567822248;-2.2210757732;-1.0829757452;50;f;2018-03-07 09:36:49+01;2018-03-07 08:36:49.775164
279040;EZ10_G2-005;52.4820857428;13.3567871763;-2.2212867737;-1.1109861135;50;f;2018-03-07 09:36:50+01;2018-03-07 08:36:50.216911
279041;EZ10_G2-005;52.4820897646;13.3567921547;-2.2211854458;-1.1109861135;50;f;2018-03-07 09:36:50+01;2018-03-07 08:36:50.734898
279042;EZ10_G2-005;52.4820938037;13.3567971584;-2.220574379;-1.1109861135;50;f;2018-03-07 09:36:51+01;2018-03-07 08:36:51.235534
279043;EZ10_G2-005;52.4820976832;13.3568019605;-2.2213642597;-1.0549627542;50;f;2018-03-07 09:36:51+01;2018-03-07 08:36:51.782777
279044;EZ10_G2-005;52.4821011953;13.3568063084;-2.222751379;-0.9999489784;50;f;2018-03-07 09:36:52+01;2018-03-07 08:36:52.225129
279045;EZ10_G2-005;52.4821047993;13.3568107757;-2.2240064144;-0.9999303818;50;f;2018-03-07 09:36:52+01;2018-03-07 08:36:52.762448
279046;EZ10_G2-005;52.4821083685;13.3568152202;-2.2261259556;-0.9999303818;50;f;2018-03-07 09:36:53+01;2018-03-07 08:36:53.242628
279047;EZ10_G2-005;52.4821118878;13.3568196297;-2.2283127308;-0.9999303818;50;f;2018-03-07 09:36:53+01;2018-03-07 08:36:53.734791
279048;EZ10_G2-005;52.4821154457;13.356824101;-2.2295582294;-0.9999489784;50;f;2018-03-07 09:36:54+01;2018-03-07 08:36:54.255066
279049;EZ10_G2-005;52.4821190098;13.3568285957;-2.230550766;-1.0269637108;50;f;2018-03-07 09:36:54+01;2018-03-07 08:36:54.762434
279050;EZ10_G2-005;52.4821226559;13.3568332135;-2.232998848;-1.0269637108;50;f;2018-03-07 09:36:55+01;2018-03-07 08:36:55.234803
279051;EZ10_G2-005;52.4821263806;13.3568379154;-2.23350811;-1.0549763441;50;f;2018-03-07 09:36:55+01;2018-03-07 08:36:55.740213
279052;EZ10_G2-005;52.4821301191;13.3568426323;-2.2331283092;-1.0549763441;50;f;2018-03-07 09:36:56+01;2018-03-07 08:36:56.255675
279053;EZ10_G2-005;52.4821337741;13.3568472736;-2.2337932587;-0.9999647141;50;f;2018-03-07 09:36:56+01;2018-03-07 08:36:56.741419
279054;EZ10_G2-005;52.4821370761;13.3568514811;-2.2347753048;-0.9719657302;50;f;2018-03-07 09:36:57+01;2018-03-07 08:36:57.218632
279055;EZ10_G2-005;52.4821406736;13.3568560747;-2.2357239723;-1.0829757452;50;f;2018-03-07 09:36:57+01;2018-03-07 08:36:57.782574
279056;EZ10_G2-005;52.4821446851;13.3568612154;-2.2371551991;-1.2219725847;50;f;2018-03-07 09:36:58+01;2018-03-07 08:36:58.25609
279057;EZ10_G2-005;52.4821492574;13.3568670806;-2.2374091148;-1.3609694242;50;f;2018-03-07 09:36:58+01;2018-03-07 08:36:58.755233
279058;EZ10_G2-005;52.4821542353;13.3568734652;-2.2368826866;-1.4719669819;50;f;2018-03-07 09:36:59+01;2018-03-07 08:36:59.276089
279059;EZ10_G2-005;52.4821597015;13.3568804785;-2.2374136448;-1.58291924;50;f;2018-03-07 09:36:59+01;2018-03-07 08:36:59.783119
279060;EZ10_G2-005;52.482165372;13.356887796;-2.2405142784;-1.58291924;50;f;2018-03-07 09:37:00+01;2018-03-07 08:37:00.220791
279061;EZ10_G2-005;52.4821708096;13.3568948326;-2.2429902554;-1.471924901;50;f;2018-03-07 09:37:00+01;2018-03-07 08:37:00.754795
279062;EZ10_G2-005;52.4821756849;13.356901141;-2.2444193363;-1.2769548893;50;f;2018-03-07 09:37:01+01;2018-03-07 08:37:01.254804
279063;EZ10_G2-005;52.4821801545;13.3569069399;-2.2451553345;-1.2219568491;50;f;2018-03-07 09:37:01+01;2018-03-07 08:37:01.741558
279064;EZ10_G2-005;52.4821843094;13.356912339;-2.2462058067;-1.0829617977;50;f;2018-03-07 09:37:02+01;2018-03-07 08:37:02.216837
279065;EZ10_G2-005;52.4821878626;13.3569169596;-2.2476899624;-1.0269476175;50;f;2018-03-07 09:37:02+01;2018-03-07 08:37:02.763047
279066;EZ10_G2-005;52.4821914803;13.3569216858;-2.2498958111;-1.026928544;50;f;2018-03-07 09:37:03+01;2018-03-07 08:37:03.234787
279067;EZ10_G2-005;52.4821951681;13.3569265303;-2.2526655197;-1.0549265146;50;f;2018-03-07 09:37:03+01;2018-03-07 08:37:03.735121
279068;EZ10_G2-005;52.4821989201;13.3569314763;-2.2545084953;-1.0829447508;50;f;2018-03-07 09:37:04+01;2018-03-07 08:37:04.25677
279069;EZ10_G2-005;52.4822027889;13.3569366166;-2.2557985783;-1.1109608412;50;f;2018-03-07 09:37:04+01;2018-03-07 08:37:04.754803
279070;EZ10_G2-005;52.4822066209;13.3569417193;-2.2601840496;-1.1104240417;50;f;2018-03-07 09:37:05+01;2018-03-07 08:37:05.23443
279071;EZ10_G2-005;52.4822103989;13.3569468483;-2.2762212753;-1.1094634533;50;f;2018-03-07 09:37:05+01;2018-03-07 08:37:05.78285
279072;EZ10_G2-005;52.4822141188;13.3569521068;-2.3022897243;-1.0790991783;50;f;2018-03-07 09:37:06+01;2018-03-07 08:37:06.254979
279073;EZ10_G2-005;52.482217692;13.3569575099;-2.3404266834;-1.0493434668;50;f;2018-03-07 09:37:06+01;2018-03-07 08:37:06.74
279074;EZ10_G2-005;52.4822209281;13.356962799;-2.3816969395;-0.965523839;50;f;2018-03-07 09:37:07+01;2018-03-07 08:37:07.217351
279075;EZ10_G2-005;52.4822239035;13.3569681029;-2.4296374321;-0.9898498654;50;f;2018-03-07 09:37:07+01;2018-03-07 08:37:07.823066
279076;EZ10_G2-005;52.482226796;13.3569738343;-2.488617897;-1.0953397751;50;f;2018-03-07 09:37:08+01;2018-03-07 08:37:08.254674
279077;EZ10_G2-005;52.4822298486;13.3569808377;-2.572463274;-1.1967102289;50;f;2018-03-07 09:37:08+01;2018-03-07 08:37:08.734869
279078;EZ10_G2-005;52.4822326388;13.3569886727;-2.6754026413;-1.2177634239;50;f;2018-03-07 09:37:09+01;2018-03-07 08:37:09.295038
279079;EZ10_G2-005;52.4822349135;13.3569970323;-2.7905712128;-1.2379305363;50;f;2018-03-07 09:37:09+01;2018-03-07 08:37:09.743078
279080;EZ10_G2-005;52.4822365747;13.3570058114;-2.9151802063;-1.2352215052;50;f;2018-03-07 09:37:10+01;2018-03-07 08:37:11.20082
279081;EZ10_G2-005;52.4822375519;13.3570149155;-3.0394225121;-1.2384616137;50;f;2018-03-07 09:37:10+01;2018-03-07 08:37:11.210589
279082;EZ10_G2-005;52.482237839;13.3570239633;3.1296827793;-1.2187153101;50;f;2018-03-07 09:37:11+01;2018-03-07 08:37:11.293742
279083;EZ10_G2-005;52.4822375115;13.3570329654;3.0275416374;-1.1983642578;50;f;2018-03-07 09:37:11+01;2018-03-07 08:37:11.834578
279084;EZ10_G2-005;52.4822366684;13.3570418207;2.9409031868;-1.2047752142;50;f;2018-03-07 09:37:12+01;2018-03-07 08:37:12.21661
279085;EZ10_G2-005;52.4822353486;13.3570507641;2.864379406;-1.2379091978;50;f;2018-03-07 09:37:12+01;2018-03-07 08:37:12.742596
279086;EZ10_G2-005;52.4822337269;13.3570591906;2.803362608;-1.2411746979;50;f;2018-03-07 09:37:13+01;2018-03-07 08:37:13.234473
279087;EZ10_G2-005;52.482231769;13.3570676182;2.7528376579;-1.1880110502;50;f;2018-03-07 09:37:13+01;2018-03-07 08:37:13.734424
279088;EZ10_G2-005;52.4822295851;13.3570758098;2.7086112499;-1.2175985575;50;f;2018-03-07 09:37:14+01;2018-03-07 08:37:14.234779
279089;EZ10_G2-005;52.4822271299;13.357084061;2.6703774929;-1.2466708422;50;f;2018-03-07 09:37:14+01;2018-03-07 08:37:14.743293
279090;EZ10_G2-005;52.4822244733;13.3570922807;2.6382756233;-1.2197197676;50;f;2018-03-07 09:37:15+01;2018-03-07 08:37:15.234358
279091;EZ10_G2-005;52.4822217004;13.3571002369;2.6105592251;-1.2200844288;50;f;2018-03-07 09:37:15+01;2018-03-07 08:37:15.734563
279092;EZ10_G2-005;52.4822188499;13.3571079344;2.5866470337;-1.2206217051;50;f;2018-03-07 09:37:16+01;2018-03-07 08:37:16.234418
279093;EZ10_G2-005;52.4822158679;13.3571156186;2.5664563179;-1.2209017277;50;f;2018-03-07 09:37:16+01;2018-03-07 08:37:16.762602
279094;EZ10_G2-005;52.4822128817;13.3571229471;2.5480482578;-1.1652611494;50;f;2018-03-07 09:37:17+01;2018-03-07 08:37:17.219675
279095;EZ10_G2-005;52.482209912;13.3571300072;2.5328373909;-1.1374707222;50;f;2018-03-07 09:37:17+01;2018-03-07 08:37:17.751287
279096;EZ10_G2-005;52.4822071122;13.3571364696;2.521364212;-1.1105920076;50;f;2018-03-07 09:37:18+01;2018-03-07 08:37:18.254472
279097;EZ10_G2-005;52.4822041889;13.3571429847;2.5106554031;-1.0827379227;50;f;2018-03-07 09:37:18+01;2018-03-07 08:37:18.742647
279098;EZ10_G2-005;52.4822013024;13.3571493086;2.5035729408;-1.0268223286;50;f;2018-03-07 09:37:19+01;2018-03-07 08:37:19.234544
279099;EZ10_G2-005;52.4821984852;13.3571553983;2.4980208874;-0.9998844862;50;f;2018-03-07 09:37:19+01;2018-03-07 08:37:19.734551
279100;EZ10_G2-005;52.4821956453;13.3571614261;2.4924428463;-1.0269476175;50;f;2018-03-07 09:37:20+01;2018-03-07 08:37:20.216824
279101;EZ10_G2-005;52.4821926946;13.3571676521;2.4880175591;-1.0829617977;50;f;2018-03-07 09:37:20+01;2018-03-07 08:37:20.734223
279102;EZ10_G2-005;52.4821894926;13.357174318;2.4859004021;-1.165985465;50;f;2018-03-07 09:37:21+01;2018-03-07 08:37:21.234728
279103;EZ10_G2-005;52.4821861592;13.357181259;2.4843587875;-1.1939934492;50;f;2018-03-07 09:37:21+01;2018-03-07 08:37:21.742626
279104;EZ10_G2-005;52.4821827831;13.3571882687;2.4828791618;-1.193998456;50;f;2018-03-07 09:37:22+01;2018-03-07 08:37:22.234639
279105;EZ10_G2-005;52.4821794613;13.3571951546;2.4831588268;-1.1379985809;50;f;2018-03-07 09:37:22+01;2018-03-07 08:37:22.734236
279106;EZ10_G2-005;52.4821764598;13.3572013656;2.4828071594;-0.9720000029;50;f;2018-03-07 09:37:23+01;2018-03-07 08:37:23.234114
279107;EZ10_G2-005;52.482174007;13.3572064152;2.482845068;-0.8050000072;50;f;2018-03-07 09:37:23+01;2018-03-07 08:37:23.734976
279108;EZ10_G2-005;52.4821718638;13.3572108062;2.4843759537;-0.6939991117;50;f;2018-03-07 09:37:24+01;2018-03-07 08:37:24.240639
279109;EZ10_G2-005;52.4821701965;13.3572142162;2.4839828014;-0.4719994068;50;f;2018-03-07 09:37:24+01;2018-03-07 08:37:24.742642
279110;EZ10_G2-005;52.482169178;13.357216252;2.4836170673;-0.2219997197;50;f;2018-03-07 09:37:25+01;2018-03-07 08:37:25.234505
279111;EZ10_G2-005;52.4821687655;13.35721703;2.4834804535;-0.0549999289;50;f;2018-03-07 09:37:25+01;2018-03-07 08:37:25.734549
279112;EZ10_G2-005;52.4821686785;13.3572171021;2.4835178852;0;50;f;2018-03-07 09:37:26+01;2018-03-07 08:37:26.235121
279113;EZ10_G2-005;52.4821686366;13.3572170909;2.4835529327;0;50;f;2018-03-07 09:37:26+01;2018-03-07 08:37:26.719036
279114;EZ10_G2-005;52.4821686121;13.3572170637;2.4834148884;0;50;f;2018-03-07 09:37:27+01;2018-03-07 08:37:27.217663
279115;EZ10_G2-005;52.4821685948;13.3572170317;2.4833805561;0;50;f;2018-03-07 09:37:27+01;2018-03-07 08:37:27.799506
279116;EZ10_G2-005;52.482168574;13.3572169996;2.4834356308;0;50;f;2018-03-07 09:37:28+01;2018-03-07 08:37:28.235325
279117;EZ10_G2-005;52.4821685618;13.3572169736;2.4836301804;0;50;f;2018-03-07 09:37:28+01;2018-03-07 08:37:28.762315
279118;EZ10_G2-005;52.4821685498;13.357216955;2.483458519;0;50;f;2018-03-07 09:37:29+01;2018-03-07 08:37:29.234343
279119;EZ10_G2-005;52.4821685422;13.3572169394;2.483481884;0;50;f;2018-03-07 09:37:29+01;2018-03-07 08:37:29.774825
279120;EZ10_G2-005;52.4821685317;13.357216922;2.4835031033;0;50;f;2018-03-07 09:37:30+01;2018-03-07 08:37:30.216327
279121;EZ10_G2-005;52.4821685237;13.3572169072;2.4836156368;0;50;f;2018-03-07 09:37:30+01;2018-03-07 08:37:30.754564
279122;EZ10_G2-005;52.4821685203;13.3572168953;2.4836750031;0;50;f;2018-03-07 09:37:31+01;2018-03-07 08:37:31.234397
279123;EZ10_G2-005;52.4821685082;13.3572168786;2.4834530354;0;50;f;2018-03-07 09:37:31+01;2018-03-07 08:37:31.775657
279124;EZ10_G2-005;52.4821684991;13.3572168608;2.4834990501;0;50;f;2018-03-07 09:37:32+01;2018-03-07 08:37:32.216297
279125;EZ10_G2-005;52.482168492;13.357216852;2.4836556911;0;50;f;2018-03-07 09:37:32+01;2018-03-07 08:37:32.762348
279126;EZ10_G2-005;52.4821684795;13.3572168389;2.4831917286;0;50;f;2018-03-07 09:37:33+01;2018-03-07 08:37:33.234712
279127;EZ10_G2-005;52.4821684699;13.3572168276;2.4834268093;0;50;f;2018-03-07 09:37:33+01;2018-03-07 08:37:33.742614
279128;EZ10_G2-005;52.4821684656;13.3572168184;2.4836418629;0;50;f;2018-03-07 09:37:34+01;2018-03-07 08:37:34.254595
279129;EZ10_G2-005;52.482168464;13.3572168119;2.4837112427;0;50;t;2018-03-07 09:37:34+01;2018-03-07 08:37:34.734307
279130;EZ10_G2-005;52.4821684588;13.3572168011;2.4834475517;0;50;t;2018-03-07 09:37:35+01;2018-03-07 08:37:35.236371
279131;EZ10_G2-005;52.4821684587;13.3572168016;2.4835042953;0;50;t;2018-03-07 09:37:35+01;2018-03-07 08:37:35.751448
279132;EZ10_G2-005;52.4821684504;13.3572167956;2.4834499359;0;50;t;2018-03-07 09:37:36+01;2018-03-07 08:37:36.254309
279133;EZ10_G2-005;52.4821684473;13.3572167904;2.4835841656;0;50;t;2018-03-07 09:37:36+01;2018-03-07 08:37:36.735472
279134;EZ10_G2-005;52.4821684439;13.3572167901;2.483550787;0;50;t;2018-03-07 09:37:37+01;2018-03-07 08:37:37.218449
279135;EZ10_G2-005;52.4821684413;13.3572167848;2.4835407734;0;50;t;2018-03-07 09:37:37+01;2018-03-07 08:37:37.752156
279136;EZ10_G2-005;52.4821684332;13.3572167775;2.4837017059;0;50;t;2018-03-07 09:37:38+01;2018-03-07 08:37:38.255613
279137;EZ10_G2-005;52.4821684279;13.3572167729;2.4838154316;0;50;t;2018-03-07 09:37:38+01;2018-03-07 08:37:38.734697
279138;EZ10_G2-005;52.4821684255;13.3572167665;2.4837675095;0;50;t;2018-03-07 09:37:39+01;2018-03-07 08:37:39.234072
279139;EZ10_G2-005;52.4821684275;13.3572167671;2.4836604595;0;50;t;2018-03-07 09:37:39+01;2018-03-07 08:37:39.734532
279140;EZ10_G2-005;52.4821684251;13.3572167619;2.4837098122;0;50;t;2018-03-07 09:37:40+01;2018-03-07 08:37:40.21755
279141;EZ10_G2-005;52.4821684236;13.3572167589;2.4836432934;0;50;t;2018-03-07 09:37:40+01;2018-03-07 08:37:40.734607
279142;EZ10_G2-005;52.4821684227;13.3572167525;2.483594656;0;50;t;2018-03-07 09:37:41+01;2018-03-07 08:37:41.235664
279143;EZ10_G2-005;52.4821684207;13.3572167465;2.4836888313;0;50;t;2018-03-07 09:37:41+01;2018-03-07 08:37:41.742913
279144;EZ10_G2-005;52.482168422;13.357216745;2.48371768;0;50;t;2018-03-07 09:37:42+01;2018-03-07 08:37:42.218781
279145;EZ10_G2-005;52.4821684231;13.3572167439;2.4837930202;0;50;t;2018-03-07 09:37:42+01;2018-03-07 08:37:42.743965
279146;EZ10_G2-005;52.4821684204;13.3572167431;2.4836742878;0;50;t;2018-03-07 09:37:43+01;2018-03-07 08:37:43.234499
279147;EZ10_G2-005;52.4821684163;13.3572167375;2.483577013;0;50;t;2018-03-07 09:37:43+01;2018-03-07 08:37:43.735662
279148;EZ10_G2-005;52.482168412;13.3572167373;2.4833402634;0;50;t;2018-03-07 09:37:44+01;2018-03-07 08:37:44.255372
279149;EZ10_G2-005;52.4821684098;13.3572167303;2.4834883213;0;50;t;2018-03-07 09:37:44+01;2018-03-07 08:37:44.734644
279150;EZ10_G2-005;52.4821684072;13.3572167343;2.4836204052;0;50;t;2018-03-07 09:37:45+01;2018-03-07 08:37:45.234842
279151;EZ10_G2-005;52.4821684046;13.3572167274;2.4835157394;0;50;t;2018-03-07 09:37:45+01;2018-03-07 08:37:45.734897
279152;EZ10_G2-005;52.4821684058;13.35721673;2.4836084843;0;50;t;2018-03-07 09:37:46+01;2018-03-07 08:37:46.254741
279153;EZ10_G2-005;52.4821684098;13.357216731;2.4837071896;0;50;t;2018-03-07 09:37:46+01;2018-03-07 08:37:46.735469
279154;EZ10_G2-005;52.4821684159;13.3572167377;2.4836251736;0;50;t;2018-03-07 09:37:47+01;2018-03-07 08:37:47.219885
279155;EZ10_G2-005;52.4821684137;13.3572167319;2.4834575653;0;50;t;2018-03-07 09:37:47+01;2018-03-07 08:37:47.742132
279156;EZ10_G2-005;52.482168409;13.3572167273;2.4834201336;0;50;t;2018-03-07 09:37:48+01;2018-03-07 08:37:48.254864
279157;EZ10_G2-005;52.4821684019;13.3572167164;2.4834196568;0;50;t;2018-03-07 09:37:48+01;2018-03-07 08:37:48.734176
279158;EZ10_G2-005;52.4821683907;13.3572167017;2.4833102226;0;50;t;2018-03-07 09:37:49+01;2018-03-07 08:37:49.234447
279159;EZ10_G2-005;52.4821683907;13.3572167017;2.4833102226;0;50;t;2018-03-07 09:37:49+01;2018-03-07 08:37:49.289977
279160;EZ10_G2-005;52.4821683831;13.3572166856;2.483492136;0;50;t;2018-03-07 09:37:49+01;2018-03-07 08:37:49.734048
279161;EZ10_G2-005;52.4821683775;13.3572166819;2.4833686352;0;50;t;2018-03-07 09:37:50+01;2018-03-07 08:37:50.227654
279162;EZ10_G2-005;52.4821683731;13.3572166766;2.4833190441;0;50;t;2018-03-07 09:37:50+01;2018-03-07 08:37:50.734109
279163;EZ10_G2-005;52.4821683675;13.3572166735;2.4832930565;0;50;t;2018-03-07 09:37:51+01;2018-03-07 08:37:51.23421
279164;EZ10_G2-005;52.4821683635;13.3572166732;2.4833798409;0;50;t;2018-03-07 09:37:51+01;2018-03-07 08:37:51.740356
279165;EZ10_G2-005;52.4821683591;13.3572166704;2.4832789898;0;50;t;2018-03-07 09:37:52+01;2018-03-07 08:37:52.219522
279166;EZ10_G2-005;52.4821683539;13.3572166675;2.4832484722;0;50;t;2018-03-07 09:37:52+01;2018-03-07 08:37:52.726961
279167;EZ10_G2-005;52.4821683536;13.3572166639;2.4833180904;0;50;f;2018-03-07 09:37:53+01;2018-03-07 08:37:53.246464
279168;EZ10_G2-005;52.4821683544;13.3572166632;2.483250618;0;50;f;2018-03-07 09:37:53+01;2018-03-07 08:37:53.743355
279169;EZ10_G2-005;52.4821683546;13.3572166612;2.4834210873;0;50;f;2018-03-07 09:37:54+01;2018-03-07 08:37:54.234251
279170;EZ10_G2-005;52.4821683518;13.3572166572;2.4832017422;0;50;f;2018-03-07 09:37:54+01;2018-03-07 08:37:54.734198
279171;EZ10_G2-005;52.4821683501;13.3572166521;2.4832670689;0;50;f;2018-03-07 09:37:55+01;2018-03-07 08:37:55.234009
279172;EZ10_G2-005;52.4821683486;13.3572166489;2.4831151962;0;50;f;2018-03-07 09:37:55+01;2018-03-07 08:37:55.733897
279173;EZ10_G2-005;52.4821683522;13.3572166464;2.4832057953;0;50;f;2018-03-07 09:37:56+01;2018-03-07 08:37:56.255528
279174;EZ10_G2-005;52.4821683527;13.357216646;2.483342886;0;50;f;2018-03-07 09:37:56+01;2018-03-07 08:37:56.734559
279175;EZ10_G2-005;52.4821683565;13.3572166527;2.4832150936;0;50;f;2018-03-07 09:37:57+01;2018-03-07 08:37:57.219217
279176;EZ10_G2-005;52.4821683571;13.3572166481;2.4832582474;0;50;f;2018-03-07 09:37:57+01;2018-03-07 08:37:57.742615
279177;EZ10_G2-005;52.4821683618;13.3572166511;2.4832708836;0;50;f;2018-03-07 09:37:58+01;2018-03-07 08:37:58.254484
279178;EZ10_G2-005;52.4821683626;13.3572166499;2.4832508564;0;50;f;2018-03-07 09:37:58+01;2018-03-07 08:37:58.734556
279179;EZ10_G2-005;52.4821683595;13.3572166476;2.4831423759;0;50;f;2018-03-07 09:37:59+01;2018-03-07 08:37:59.235663
279180;EZ10_G2-005;52.4821683611;13.3572166502;2.4833052158;0;50;f;2018-03-07 09:37:59+01;2018-03-07 08:37:59.884178
279181;EZ10_G2-005;52.4821683362;13.3572167075;2.4834477901;-0.0549999997;50;f;2018-03-07 09:38:00+01;2018-03-07 08:38:00.220318
279182;EZ10_G2-005;52.4821681623;13.3572170669;2.4831988811;-0.1379978359;50;f;2018-03-07 09:38:00+01;2018-03-07 08:38:00.734407
279183;EZ10_G2-005;52.4821674762;13.3572184914;2.4786503315;-0.3576763868;50;f;2018-03-07 09:38:01+01;2018-03-07 08:38:01.234842
279184;EZ10_G2-005;52.4821660961;13.357221305;2.4475851059;-0.6031666398;50;f;2018-03-07 09:38:01+01;2018-03-07 08:38:01.742242
279185;EZ10_G2-005;52.4821639837;13.3572253026;2.4185845852;-0.8320761919;50;f;2018-03-07 09:38:02+01;2018-03-07 08:38:02.218497
279186;EZ10_G2-005;52.4821611095;13.3572305455;2.4107644558;-1.0262702703;50;f;2018-03-07 09:38:02+01;2018-03-07 08:38:02.742525
279187;EZ10_G2-005;52.4821577541;13.3572364433;2.3718311787;-1.0960745811;50;f;2018-03-07 09:38:03+01;2018-03-07 08:38:03.234346
279188;EZ10_G2-005;52.4821541265;13.357242129;2.3004570007;-1.1291917562;50;f;2018-03-07 09:38:03+01;2018-03-07 08:38:03.722749
279189;EZ10_G2-005;52.4821502427;13.3572476059;2.2743344307;-1.1109703779;50;f;2018-03-07 09:38:04+01;2018-03-07 08:38:04.254848
279190;EZ10_G2-005;52.4821466902;13.3572525376;2.2996141911;-0.9616446495;50;f;2018-03-07 09:38:04+01;2018-03-07 08:38:04.735069
279191;EZ10_G2-005;52.4821435845;13.3572572232;2.3505823612;-0.9388896227;50;f;2018-03-07 09:38:05+01;2018-03-07 08:38:05.234446
279192;EZ10_G2-005;52.4821406212;13.357262045;2.3723213673;-0.8049666882;50;f;2018-03-07 09:38:05+01;2018-03-07 08:38:05.736175
279193;EZ10_G2-005;52.4821381169;13.3572662073;2.3730566502;-0.7769987583;50;f;2018-03-07 09:38:06+01;2018-03-07 08:38:06.234912
279194;EZ10_G2-005;52.4821355985;13.3572703886;2.3717422485;-0.804567039;50;f;2018-03-07 09:38:06+01;2018-03-07 08:38:06.734996
279195;EZ10_G2-005;52.4821331248;13.3572745317;2.3959367275;-0.7701070309;50;f;2018-03-07 09:38:07+01;2018-03-07 08:38:07.217777
279196;EZ10_G2-005;52.4821307071;13.3572788559;2.4307363033;-0.7750313282;50;f;2018-03-07 09:38:07+01;2018-03-07 08:38:07.7441
279197;EZ10_G2-005;52.4821283126;13.3572833488;2.4369995594;-0.8049986959;50;f;2018-03-07 09:38:08+01;2018-03-07 08:38:08.255723
279198;EZ10_G2-005;52.4821259774;13.357287796;2.4414441586;-0.7482870221;50;f;2018-03-07 09:38:08+01;2018-03-07 08:38:08.762806
279199;EZ10_G2-005;52.4821237923;13.3572920578;2.4740869999;-0.6866064072;50;f;2018-03-07 09:38:09+01;2018-03-07 08:38:09.236037
279200;EZ10_G2-005;52.4821220443;13.3572956906;2.4970788956;-0.5549080968;50;f;2018-03-07 09:38:09+01;2018-03-07 08:38:09.735422
279201;EZ10_G2-005;52.4821206874;13.357298582;2.4976050854;-0.3609994054;50;f;2018-03-07 09:38:10+01;2018-03-07 08:38:10.220646
279202;EZ10_G2-005;52.482120026;13.3572999759;2.4978010654;-0.137999773;50;f;2018-03-07 09:38:10+01;2018-03-07 08:38:10.739947
279203;EZ10_G2-005;52.4821197321;13.3573005696;2.4974694252;-0.026999956;50;f;2018-03-07 09:38:11+01;2018-03-07 08:38:11.235762
279204;EZ10_G2-005;52.4821196803;13.3573006494;2.497661829;0;50;f;2018-03-07 09:38:11+01;2018-03-07 08:38:11.734477
279205;EZ10_G2-005;52.4821197173;13.3573005419;2.497802496;0;50;f;2018-03-07 09:38:12+01;2018-03-07 08:38:12.220262
279206;EZ10_G2-005;52.4821197205;13.3573005034;2.497831583;0;50;f;2018-03-07 09:38:12+01;2018-03-07 08:38:12.750291
279207;EZ10_G2-005;52.4821197155;13.3573004867;2.4979743958;0;50;f;2018-03-07 09:38:13+01;2018-03-07 08:38:13.23596
279208;EZ10_G2-005;52.4821197098;13.3573004678;2.4977400303;0;50;f;2018-03-07 09:38:13+01;2018-03-07 08:38:13.840169
279209;EZ10_G2-005;52.4821197048;13.3573004575;2.4981026649;0.0270000007;50;f;2018-03-07 09:38:14+01;2018-03-07 08:38:14.254572
279210;EZ10_G2-005;52.4821198748;13.3573000748;2.4983355999;0.0549984537;50;f;2018-03-07 09:38:14+01;2018-03-07 08:38:14.734356
279211;EZ10_G2-005;52.482120054;13.357299666;2.4987025261;0.1102424189;50;f;2018-03-07 09:38:15+01;2018-03-07 08:38:15.23561
279212;EZ10_G2-005;52.4821204944;13.3572986668;2.5075259209;0.2154617161;50;f;2018-03-07 09:38:15+01;2018-03-07 08:38:15.734705
279213;EZ10_G2-005;52.4821210893;13.3572972602;2.5328164101;0.2352519482;50;f;2018-03-07 09:38:16+01;2018-03-07 08:38:16.243704
279214;EZ10_G2-005;52.4821216593;13.3572958412;2.5623865128;0.2086167634;50;f;2018-03-07 09:38:16+01;2018-03-07 08:38:16.735584
279215;EZ10_G2-005;52.4821221886;13.357294417;2.5925927162;0.2375515103;50;f;2018-03-07 09:38:17+01;2018-03-07 08:38:17.242668
279216;EZ10_G2-005;52.4821228702;13.357292504;2.6236834526;0.3532561958;50;f;2018-03-07 09:38:17+01;2018-03-07 08:38:17.736489
279217;EZ10_G2-005;52.482123784;13.357289759;2.6511228085;0.4705204368;50;f;2018-03-07 09:38:18+01;2018-03-07 08:38:18.255551
279218;EZ10_G2-005;52.4821248589;13.357286371;2.6588962078;0.5549991131;50;f;2018-03-07 09:38:18+01;2018-03-07 08:38:18.73525
279219;EZ10_G2-005;52.4821260672;13.3572825785;2.6587586403;0.5549991131;50;f;2018-03-07 09:38:19+01;2018-03-07 08:38:19.23566
279220;EZ10_G2-005;52.4821273027;13.3572786853;2.659229517;0.5829990506;50;f;2018-03-07 09:38:19+01;2018-03-07 08:38:19.735581
279221;EZ10_G2-005;52.4821285086;13.3572748275;2.6562981606;0.553290844;50;f;2018-03-07 09:38:20+01;2018-03-07 08:38:20.219754
279222;EZ10_G2-005;52.482129659;13.3572712812;2.6482579708;0.5549964309;50;f;2018-03-07 09:38:20+01;2018-03-07 08:38:20.735047
279223;EZ10_G2-005;52.4821309279;13.3572674225;2.647175312;0.5830000043;50;f;2018-03-07 09:38:21+01;2018-03-07 08:38:21.243211
279224;EZ10_G2-005;52.4821322328;13.3572634806;2.6471471786;0.6110000014;50;f;2018-03-07 09:38:21+01;2018-03-07 08:38:21.735487
279225;EZ10_G2-005;52.4821335365;13.3572595096;2.6476831436;0.5830000043;50;f;2018-03-07 09:38:22+01;2018-03-07 08:38:22.242859
279226;EZ10_G2-005;52.4821348091;13.3572556308;2.6478612423;0.5829990506;50;f;2018-03-07 09:38:22+01;2018-03-07 08:38:22.763282
279227;EZ10_G2-005;52.4821361073;13.3572516257;2.6448223591;0.6096044779;50;f;2018-03-07 09:38:23+01;2018-03-07 08:38:23.250633
279228;EZ10_G2-005;52.4821374477;13.3572476051;2.6309642792;0.6109747291;50;f;2018-03-07 09:38:23+01;2018-03-07 08:38:23.791024
279229;EZ10_G2-005;52.4821387886;13.3572435793;2.6310749054;0.6109989882;50;f;2018-03-07 09:38:24+01;2018-03-07 08:38:24.235912
279230;EZ10_G2-005;52.4821401306;13.3572396177;2.6300251484;0.6109989882;50;f;2018-03-07 09:38:24+01;2018-03-07 08:38:24.755694
279231;EZ10_G2-005;52.4821414394;13.3572357635;2.6215779781;0.5793862343;50;f;2018-03-07 09:38:25+01;2018-03-07 08:38:25.23563
279232;EZ10_G2-005;52.4821427874;13.3572320061;2.5868263245;0.5744274259;50;f;2018-03-07 09:38:25+01;2018-03-07 08:38:25.735439
279233;EZ10_G2-005;52.4821441735;13.3572284401;2.5602676868;0.5821844339;50;f;2018-03-07 09:38:26+01;2018-03-07 08:38:26.23505
279234;EZ10_G2-005;52.4821456376;13.3572247566;2.5545766354;0.5822916627;50;f;2018-03-07 09:38:26+01;2018-03-07 08:38:26.735039
279235;EZ10_G2-005;52.4821471522;13.3572210507;2.5326430798;0.5792686343;50;f;2018-03-07 09:38:27+01;2018-03-07 08:38:27.243624
279236;EZ10_G2-005;52.4821487481;13.3572173552;2.5178205967;0.5269859433;50;f;2018-03-07 09:38:27+01;2018-03-07 08:38:27.735732
279237;EZ10_G2-005;52.4821500165;13.3572143945;2.5176575184;0.4159993231;50;f;2018-03-07 09:38:28+01;2018-03-07 08:38:28.340856
279238;EZ10_G2-005;52.4821509552;13.3572122341;2.5162000656;0.2220000029;50;f;2018-03-07 09:38:28+01;2018-03-07 08:38:28.723493
279239;EZ10_G2-005;52.4821513685;13.3572112778;2.5161802769;0.0829998627;50;f;2018-03-07 09:38:29+01;2018-03-07 08:38:29.234311
279240;EZ10_G2-005;52.4821514805;13.3572109644;2.5168302059;0.026999956;50;f;2018-03-07 09:38:29+01;2018-03-07 08:38:29.734413
279241;EZ10_G2-005;52.4821516573;13.3572105154;2.5168197155;0.1110000014;50;f;2018-03-07 09:38:30+01;2018-03-07 08:38:30.235322
279242;EZ10_G2-005;52.4821523361;13.3572089423;2.5160210133;0.3880000114;50;f;2018-03-07 09:38:30+01;2018-03-07 08:38:30.839952
279243;EZ10_G2-005;52.4821534396;13.3572064179;2.5177023411;0.3050000072;50;f;2018-03-07 09:38:31+01;2018-03-07 08:38:31.235986
279244;EZ10_G2-005;52.482154287;13.3572044868;2.5175287724;0.25;50;f;2018-03-07 09:38:31+01;2018-03-07 08:38:31.740242
279245;EZ10_G2-005;52.4821548656;13.357203183;2.5164945126;0.1379999965;50;f;2018-03-07 09:38:32+01;2018-03-07 08:38:32.222309
279246;EZ10_G2-005;52.4821550731;13.3572027043;2.5168569088;0;50;f;2018-03-07 09:38:32+01;2018-03-07 08:38:32.76284
279247;EZ10_G2-005;52.4821550669;13.3572027047;2.5169467926;0;50;f;2018-03-07 09:38:33+01;2018-03-07 08:38:33.235041
279248;EZ10_G2-005;52.4821550581;13.3572027097;2.5167717934;0;50;f;2018-03-07 09:38:33+01;2018-03-07 08:38:33.743217
279249;EZ10_G2-005;52.4821550491;13.3572027103;2.5169863701;0;50;f;2018-03-07 09:38:34+01;2018-03-07 08:38:34.255327
279250;EZ10_G2-005;52.4821550417;13.3572027134;2.516895771;0;50;f;2018-03-07 09:38:34+01;2018-03-07 08:38:34.720138
279251;EZ10_G2-005;52.4821550365;13.3572027107;2.5168368816;0;50;f;2018-03-07 09:38:35+01;2018-03-07 08:38:35.234747
279252;EZ10_G2-005;52.4821550288;13.3572027146;2.5169274807;0;50;f;2018-03-07 09:38:35+01;2018-03-07 08:38:35.783482
279253;EZ10_G2-005;52.4821550208;13.3572027141;2.5170373917;0;50;f;2018-03-07 09:38:36+01;2018-03-07 08:38:36.254909
279254;EZ10_G2-005;52.482155013;13.3572027106;2.5169355869;0;50;f;2018-03-07 09:38:36+01;2018-03-07 08:38:36.734875
279255;EZ10_G2-005;52.4821550088;13.3572027108;2.516958952;0;50;f;2018-03-07 09:38:37+01;2018-03-07 08:38:37.222828
279256;EZ10_G2-005;52.4821550024;13.3572027076;2.5168230534;0;50;f;2018-03-07 09:38:37+01;2018-03-07 08:38:37.756034
279257;EZ10_G2-005;52.4821550024;13.357202716;2.5166094303;0;50;f;2018-03-07 09:38:38+01;2018-03-07 08:38:38.29544
279258;EZ10_G2-005;52.4821550065;13.3572027503;2.5161659718;0;50;t;2018-03-07 09:38:38+01;2018-03-07 08:38:38.734854
279259;EZ10_G2-005;52.4821550073;13.3572027654;2.5161488056;0;50;t;2018-03-07 09:38:39+01;2018-03-07 08:38:39.234842
279260;EZ10_G2-005;52.4821550076;13.3572027831;2.5160121918;0;50;t;2018-03-07 09:38:39+01;2018-03-07 08:38:39.734993
279261;EZ10_G2-005;52.4821549926;13.3572027948;2.5166292191;0;50;t;2018-03-07 09:38:40+01;2018-03-07 08:38:40.234562
279262;EZ10_G2-005;52.4821549556;13.3572027954;2.5171597004;0;50;t;2018-03-07 09:38:40+01;2018-03-07 08:38:40.754667
279263;EZ10_G2-005;52.48215492;13.3572027872;2.5173678398;0;50;t;2018-03-07 09:38:41+01;2018-03-07 08:38:41.234642
279264;EZ10_G2-005;52.482154892;13.3572027894;2.5169701576;0;50;t;2018-03-07 09:38:41+01;2018-03-07 08:38:41.775304
279265;EZ10_G2-005;52.4821548705;13.3572027896;2.5171587467;0;50;t;2018-03-07 09:38:42+01;2018-03-07 08:38:42.242921
279266;EZ10_G2-005;52.4821548453;13.3572027858;2.5173537731;0;50;t;2018-03-07 09:38:42+01;2018-03-07 08:38:42.75479
279267;EZ10_G2-005;52.4821548195;13.3572027765;2.5172753334;0;50;t;2018-03-07 09:38:43+01;2018-03-07 08:38:43.254987
279268;EZ10_G2-005;52.4821547979;13.3572027708;2.5175256729;0;50;t;2018-03-07 09:38:43+01;2018-03-07 08:38:43.774944
279269;EZ10_G2-005;52.4821547785;13.3572027671;2.5173001289;0;50;t;2018-03-07 09:38:44+01;2018-03-07 08:38:44.234857
279270;EZ10_G2-005;52.4821547612;13.3572027637;2.5173709393;0;50;t;2018-03-07 09:38:44+01;2018-03-07 08:38:44.8441
279271;EZ10_G2-005;52.4821547457;13.3572027565;2.5175356865;0;50;t;2018-03-07 09:38:45+01;2018-03-07 08:38:45.23489
279272;EZ10_G2-005;52.4821547306;13.3572027421;2.5170640945;0;50;t;2018-03-07 09:38:45+01;2018-03-07 08:38:45.783983
279273;EZ10_G2-005;52.4821547205;13.3572027318;2.516928196;0;50;t;2018-03-07 09:38:46+01;2018-03-07 08:38:46.234689
279274;EZ10_G2-005;52.4821547262;13.3572027394;2.5163609982;0;50;t;2018-03-07 09:38:46+01;2018-03-07 08:38:46.763032
279275;EZ10_G2-005;52.4821547329;13.3572027529;2.5165190697;0;50;t;2018-03-07 09:38:47+01;2018-03-07 08:38:47.243044
279276;EZ10_G2-005;52.4821547329;13.3572027593;2.516576767;0;50;t;2018-03-07 09:38:47+01;2018-03-07 08:38:47.775412
279277;EZ10_G2-005;52.4821547356;13.3572027656;2.5165631771;0;50;t;2018-03-07 09:38:48+01;2018-03-07 08:38:48.254844
279278;EZ10_G2-005;52.4821547354;13.3572027749;2.5163106918;0;50;t;2018-03-07 09:38:48+01;2018-03-07 08:38:48.734987
279279;EZ10_G2-005;52.4821547392;13.3572027849;2.5161867142;0;50;t;2018-03-07 09:38:49+01;2018-03-07 08:38:49.234721
279280;EZ10_G2-005;52.4821547445;13.3572027951;2.5162045956;0;50;t;2018-03-07 09:38:49+01;2018-03-07 08:38:54.412041
279281;EZ10_G2-005;52.4821547457;13.3572027941;2.5163989067;0;50;t;2018-03-07 09:38:50+01;2018-03-07 08:38:54.4219
279282;EZ10_G2-005;52.4821547508;13.3572028024;2.5162684917;0;50;t;2018-03-07 09:38:50+01;2018-03-07 08:38:54.431366
279283;EZ10_G2-005;52.4821547429;13.3572027941;2.516865015;0;50;t;2018-03-07 09:38:51+01;2018-03-07 08:38:54.441683
279284;EZ10_G2-005;52.4821547248;13.3572027743;2.5174474716;0;50;t;2018-03-07 09:38:51+01;2018-03-07 08:38:54.452241
279285;EZ10_G2-005;52.4821547141;13.3572027575;2.5172359943;0;50;t;2018-03-07 09:38:52+01;2018-03-07 08:38:54.462292
279286;EZ10_G2-005;52.4821547034;13.3572027525;2.5170266628;0;50;t;2018-03-07 09:38:52+01;2018-03-07 08:38:54.471635
279287;EZ10_G2-005;52.4821547005;13.3572027512;2.5166463852;0;50;t;2018-03-07 09:38:53+01;2018-03-07 08:38:54.480951
279288;EZ10_G2-005;52.4821547165;13.3572027641;2.5162649155;0;50;t;2018-03-07 09:38:53+01;2018-03-07 08:38:54.540545
279289;EZ10_G2-005;52.4821547311;13.3572027674;2.5165319443;0;50;t;2018-03-07 09:38:54+01;2018-03-07 08:38:54.552292
279290;EZ10_G2-005;52.4821547435;13.3572027691;2.5167503357;0;50;t;2018-03-07 09:38:54+01;2018-03-07 08:38:54.73507
279291;EZ10_G2-005;52.4821547525;13.3572027719;2.5167286396;0;50;t;2018-03-07 09:38:55+01;2018-03-07 08:38:55.235369
279292;EZ10_G2-005;52.4821547631;13.3572027825;2.5160963535;0;50;t;2018-03-07 09:38:55+01;2018-03-07 08:38:55.734663
279293;EZ10_G2-005;52.4821547605;13.3572027851;2.5167701244;0;50;t;2018-03-07 09:38:56+01;2018-03-07 08:38:56.254994
279294;EZ10_G2-005;52.4821547594;13.3572027978;2.5162785053;0;50;t;2018-03-07 09:38:56+01;2018-03-07 08:38:56.734848
279295;EZ10_G2-005;52.4821547682;13.3572028155;2.5159454346;0;50;t;2018-03-07 09:38:57+01;2018-03-07 08:38:57.2191
279296;EZ10_G2-005;52.4821547769;13.3572028367;2.5161318779;0;50;t;2018-03-07 09:38:57+01;2018-03-07 08:38:57.840073
279297;EZ10_G2-005;52.4821547703;13.3572028385;2.5165724754;0;50;t;2018-03-07 09:38:58+01;2018-03-07 08:38:58.214907
279298;EZ10_G2-005;52.4821547719;13.3572028452;2.5161678791;0;50;t;2018-03-07 09:38:58+01;2018-03-07 08:38:58.735682
279299;EZ10_G2-005;52.4821547704;13.3572028508;2.5162053108;0;50;t;2018-03-07 09:38:59+01;2018-03-07 08:38:59.234896
279300;EZ10_G2-005;52.4821547702;13.3572028532;2.5164182186;0;50;t;2018-03-07 09:38:59+01;2018-03-07 08:38:59.734746
